stop_id,stop_name,zone_id,stop_lat,stop_lon,stop_desc
RgqMpbyP,Charminar,Charminar,17.358677937923357,78.47402769352765,CHARMINAR
ZesADyKB,Shahalibanda,Shahalibanda,17.354749930187328,78.47302439964548,SHALIBANDA twd  Charminar
CSCQevOc,Kilwat,Kilwat,17.3601274663828,78.4713749367239,KILWATH twd Afzalgunj
RcYax5EA,Moosabowli,Moosabowli,17.3642745722327,78.4666682034731,MOOSABOWLY twd CBS
UoDW1Rgg,City College,City College,17.36745264535672,78.46829028554708,CITY College twd Afzalgunj
s4V6Ks4J,Madina,Madina,17.3703739526348,78.4755915518183,MADINA twd Afzalgunj
RvkZZP0d,Afzalgunj,Afzalgunj,17.3734,78.4759,AFZALGUNJ twd Nampally
RprCTGDf,Osmangunj,Osmangunj,17.3801592673954,78.4749823530744,OSMANGUNJ twd Nampally
TB1fWaY6,Gandhibavan,Gandhibavan,17.388345659286514,78.47138822677678,GANDHI Bhavan twd Nampally
0Yr3hLAU,Nampally Railway Station,Nampally Railway Station,17.39215949442458,78.47004978666432,NAMPALLY Railway Station twd Ameerpet
48NXpBnL,Nampally Public Garden,Nampally Public Garden,17.396278,78.470819,NAMPALLY PUBLIC GAROADEN twd Ameerpet
d2BfiTmX,Assembly,Assembly,17.400243,78.470014,ASSEMBLY twd Miyapur
USn7tbeB,Lakdikapool,Lakdikapool,17.403609,78.464974,LAKDIKAPOOL twd Lingampally
FDukZMjs,Chintal Basthi,Chintal Basthi,17.408898,78.460376,CHINTHAL Basthi twd Patancheru
3UhhD7eG,Khairatabad,Khairatabad,17.414165437048904,78.45863971461557,KHAIRATABAD twd Patancheru
5g4se2Gv,Khairatabad,Khairatabad,17.415785,78.457715,KHAIRATABAD Rto twd Koti
3OS7bBog,Irram Manzil,Irram Manzil,17.420752974516326,78.45569724523418,IRRUM MANZIL TWD Patancheru
fAXfvzII,Nims Hospital,Nims Hospital,17.4230084956761,78.4543890506029,NIMS Hospital twd Patancheruvu
YY5SqKbk,Punjagutta,Punjagutta,17.426322878920914,78.45262885786775,PUNJAGUTTA twd Patancheru
DqrzaqZu,Pvr Mall Bus Stop,Pvr Mall Bus Stop,17.429381,78.450406,PVR Mall twd Patancheru
8A7oqeuK,Ameerpet,Ameerpet,17.431553,78.44765,AMEERPET twd Patancheru
Z9DjfexL,Maithrivanam,Maithrivanam,17.440045544433556,78.4423641399989,MAITRIVANAM twd Patancheru
OCMZCOeo,Sr Nagar,Sr Nagar,17.442965253360637,78.44073727726938,SR NAGAR twd Patancheru
C5vY3BnB,Esi Hospital,Esi Hospital,17.448534,78.437619,ESI Hospital twd Patancheruvu
zsjaTD5B,Erragadda,Erragadda,17.45617,78.433778,ERRAGADDA twd Patancheruvu
M2X1Ipi9,Bharath Nagar,Bharath Nagar,17.467232084021962,78.42877865316824,BHARATH Nagar twd Patancheru
3DO7lfEx,Moosapet,Moosapet,17.47081310529018,78.4266757867274,MOOSAPET twd Patancheru
lRqEgaCy,Prashanth Nagar Bus Station,Prashanth Nagar Bus Station,17.474763993804103,78.42554926383187,PRASHANTH NGR twd JBS
7XcsjLgc,Balnagar,Balnagar,17.467879257671523,78.44608425580633,BALANAGAR twd Jeedimetla
odvoWxTv,Idpl Water Tank,Idpl Water Tank,17.481725449290504,78.44902396155263,IDPL WATER TANK twd jeedimetla
eE6hZh6A,Idpl Colony,Idpl Colony,17.48791105,78.45000699,IDPL Colony twd Jagadgirigutta
m180Kw2G,Ganesh Nagar Chintal,Ganesh Nagar Chintal,17.49089,78.45099,GANESH NAGAR twd Jeedimetla
2mWqvKcq,Chintal,Chintal,17.4954,78.452103,CHINTAL twd Jeedimetla
xmSPBDXm,Quthubullapur X Road,Quthubullapur X Road,17.498897390179707,78.45175981428258,QUTHBULLAPUR X RD twd jeedimetla
CSMDq4oC,Hmt,Hmt,17.502845713132185,78.45028734281547,HMT twd Gdm
WQorkUId,Gajularam X Road,Gajularam X Road,17.510098,78.447706,GAJULARAM X Road twd Jeedimetla
G1qKP8Cw,Shapur Nagar,Shapur Nagar,17.51600121891858,78.44690233469011,SHAPUR NAGAR twd Jeedimetla
U3va4YT2,Rythu Bazar,Rythu Bazar,17.517610097781848,78.44659120793494,RYTHUBAZAR-JDM twd  jeedimetla
r2e2nKni,Sub Station-Jeedimetla,Sub Station-Jeedimetla,17.522757333829,78.443386182835,JEEDIMETLA Substation twd Jeedimetla
cR5ySdRd,Jeedimetla,Jeedimetla,17.52636037428321,78.44031216836981,JEEDIMETLA twd Gandimysamma
Tv9yBqAe,Saibaba Nagar,Saibaba Nagar,17.536032,78.434701,SAIBABA NAGAR twd Gandimaisamma
R0Cm6Ou4,Suraram X Road,Suraram X Road,17.5414896115876,78.43375414609909,SURARAM X Road twd Bahadurpalle
5E4f69aT,Bahadur Pally X Road,Bahadur Pally X Road,17.5605816217093,78.4307647277243,BAHADURPALLY X Road twd Gandimaisamma
o9dJvoaR,Gandimaisamma,Gandimaisamma,17.57507524147536,78.42319428755698,GANDIMAISAMMA twd Gagillapur
xOUsyoa9,Mehadipatnam Depot,Mehadipatnam Depot,17.392219,78.440777,MEHDIPATNAM Bus Depot
NUmq3A4e,Mehdipatnam,Mehdipatnam,17.39472517650309,78.44017263294585,MEHDIPATNAM
jQUipGEE,Nanal Nagar,Nanal Nagar,17.395128593905696,78.42734232111722,NANAL Nagar X Road twd Langarhouse
JDSxM2WM,Langar House,Langar House,17.37843771,78.4209751,LANGAR House twd Kali Mandir
7guxqq8S,Bapu-Ghat,Bapu-Ghat,17.374015,78.417593,Bapu Ghat twd Sedam
832f0Tns,Tippu Khan Bridge,Tippu Khan Bridge,17.371026393832324,78.4046226919575,TIPU KHAN BRIDGE twd KaliI Mandir
1dz6Of8P,Suncity,Suncity,17.36476225,78.39571808,SUNCITY twd Chevella
iXcFXrHu,Bandlaguda X Road,Bandlaguda X Road,17.359568003934776,78.3879889547825,BANDLAGUDA X Road twd Moinabad
VHOGEY4R,Peeram Cheru,Peeram Cheru,17.3544984086384,78.3790216386236,PEERAMCHERUVU twd Moinabad
gg1O2ENL,Kalimandir,Kalimandir,17.3523319158945,78.3770152830632,KALIMANDIR twd Moinabad
54suq5uU,Appa Junction,Appa Junction,17.350935382372132,78.35801659936408,APPA twd Moinabad
qccftrvg,Golden Farms,Golden Farms,17.35369008294187,78.34210305687256,GOLDEN FARM twd Moinabad
FLnjOddn,Osman Sagar X Rd,Osman Sagar X Rd,17.3531014085184,78.3308846424825,OSMAN Sagar X Road twd Moinabad
BAsXhVXt,Aziz Nagar X Roads,Aziz Nagar X Roads,17.344140510147906,78.32481622875423,AZIZ Nagar X Road twd Chevella
T8BKEMqk,Himayathnagar X Road,Himayathnagar X Road,17.3386325066237,78.3119065256401,HIMAYAT Nagar X Road twd Moinabad
cVsyEttO,Jbiet College Amdapur X Road Bus Stop,Jbiet College Amdapur X Road Bus Stop,17.33140703,78.29720456,JBIET College twd Chevella
dHLhPczE,Decent Poultry,Decent Poultry,17.331072578539708,78.29313397407533,DECENT POULTRIES twd Chevella
zGYSG7bl,Sathsang,Sathsang,17.330027911856615,78.2801198974909,SATSANG twd Chevella
4HJn54j9,Moinabad,Moinabad,17.328394,78.272705,MOINABAD twd Sedam
lnjUAaN4,Ayaan College,Ayaan College,17.31438034,78.25669684,AYAAN INSTITUTE OF MEDICAL SCIENCE twd Vikarabad
wlPJRBNI,Kanakamamidi,Kanakamamidi,17.31323060832708,78.24891775849083,KANAKAMAMIDI ROAD twd Vikarabad
uCKYOKAS,Kethireddy Pally X Road,Kethireddy Pally X Road,17.31019105582616,78.22889235042727,KETHIREDDYPALLY X Road twd Vikarabad
R1auSRjt,Appareddyguda X Road,Appareddyguda X Road,17.310196184866054,78.22376400154526,APPAREDDYGUDA X Road twd Vikarabad
YXAEgiIa,Tholkatta X Roads,Tholkatta X Roads,17.313455937184585,78.21691900491716,THOLKATTA X Roads twd Vikarabad
nJkfMg0G,Mudimyal,Mudimyal,17.31947984,78.20895821,MUDIMYAL twd Vikarabad
BugaVeWl,Kandawada X Road,Kandawada X Road,17.307182181327995,78.18237483236942,KANDAWADA X ROAD twd Vikarabad
3F5hR7yF,Malkapur,Malkapur,17.312,78.172,MALKAPUR twd Vikarabad
SAhnyNt4,Kesaram,Kesaram,17.30638448,78.1610097,KESARAM twd Vikarabad
oi5Cgsii,Chevella Bs,Chevella Bs,17.313487,78.138914,CHEVELLA Bus Station
fTpo5ntA,Kesaram,Kesaram,17.30654741,78.16108078,KESARAM twd Himayatsagar
rFMmZ6lY,Malkapur,Malkapur,17.312283300373174,78.17197322969923,MALKAPUR twd Hyderanad
CExXC0fB,Kandawada X Road,Kandawada X Road,17.30725133704267,78.1824137340463,KANDAWADA X ROAD twd Himayatnagar
tFPKmxrs,Mudimyal,Mudimyal,17.31962448636058,78.20908694860374,MUDIMYAL twd Himayatsagar
cIwp9JJA,Tholkatta X Roads,Tholkatta X Roads,17.31348286520384,78.21698606636582,THOLKATTA X Roads twd MGBS
jAH3WOsZ,Appareddyguda X Road,Appareddyguda X Road,17.310229763875085,78.22377171369355,APPAREDDYGUDA X Road twd Hyderbad
03dKkFHP,Kethireddy Pally X Road,Kethireddy Pally X Road,17.31026017402012,78.22901844978334,KETHIREDDYPALLY X road twd MGBS
sUYRAR1o,Kanakamamidi,Kanakamamidi,17.313248467296695,78.24879169547359,KANAKAMAMIDI ROAD twd Himayat nagar
nfkRd9nz,Ayaan College,Ayaan College,17.31466329,78.25676423,AYAAN College twd Hyderabad
4BcvWaFF,Moinabad,Moinabad,17.328963,78.27318,MOINABAD twd Hyderabad
uboghRWM,Sathsang,Sathsang,17.330242990136437,78.28014671740286,SATSANG twd Mehdipatnam
kqVSR8tV,Decent Poultry,Decent Poultry,17.33127226395826,78.2931554305028,DECENT POULTRIES twd Mehdipatnam
EhiQ5Y3H,Jbiet College Amdapur X Road Bus Stop,Jbiet College Amdapur X Road Bus Stop,17.331621766667745,78.29738259075903,JBIET College twd Mehdipatnam
vZHy3ifq,Himayathnagar X Road,Himayathnagar X Road,17.33877668838069,78.31199256372187,HIMAYATH NAGAR  X ROAD  twd Mehdipatnam
F5kjgZBH,Aziz Nagar X Roads,Aziz Nagar X Roads,17.344189191177293,78.32465795293915,AZIZ Nagar X Road twd Mehdipatnam
2QgJHKxC,Osman Sagar X Rd,Osman Sagar X Rd,17.3531973109365,78.3305561031737,OSMAN Sagar X Road twd Mehdipatnam
b8ltroJx,Golden Farms,Golden Farms,17.353754068566243,78.34207087216132,GOLDEN FARM twd Mehdipatnam
kLUdNhDw,Appa Junction,Appa Junction,17.350843348535044,78.35830717399931,APPA twd Mehdipatnam
BOZ6ud3G,Kalimandir,Kalimandir,17.352451191287,78.3768691480659,KALIMANDIR twd Mehdipatnam
Ed7fO2rc,Peeram Cheru,Peeram Cheru,17.35461106,78.37880742,PEERAMCHERU twd Mehdipatnam
IJzE9Z23,Bandlaguda X Road,Bandlaguda X Road,17.3598,78.3881,BANDLAGUDA X Road twd Mehdipatnam
dHUG4Xle,Suncity,Suncity,17.3651,78.3958,SUNCITY twd Mehdipatnam
GFxQbpHA,Tippu Khan Bridge,Tippu Khan Bridge,17.3710977510594,78.4044692202793,TIPPU KHAN BRIDGE twd Mehdipatnam
nIO17N4o,Bapu Nagar,Bapu Nagar,17.374278,78.417719,LUNGER HOUSE
9kJ7lz1Q,Langar House,Langar House,17.38158304700454,78.42183708154298,LANGER HOUSE twd Mehdipatnam
rBENVtQo,Nanal Nagar,Nanal Nagar,17.395487705634253,78.4273249243984,NANAL Nagar twd Mehidipatnam
q9jjNdnh,Mehdipatnam,Mehdipatnam,17.395273919150057,78.43979619137296,MEHDIPATNAM twd Secundrabad
F0sCusJT,Chandrayangutta,Chandrayangutta,17.327227194953696,78.47513793452589,CHANDRAYAN GUTTA twd Falaknuma
sifjiJIl,Farooqnagar,Farooqnagar,17.329644,78.470292,FAROOQNAGAR Bus Station
viDlsUWZ,Engine Bowli,Engine Bowli,17.3365662237586,78.4679501198833,ENGINE BOWLI twd Afzalgunj
8YMIlyS3,Falaknuma Depot,Falaknuma Depot,17.33722755207997,78.46702500165038,FALAKNUMA Bus Depot
W4vA60DC,Sarojini Devi Hospital,Sarojini Devi Hospital,17.398719,78.444326,SAROJINI DEVI Hospital twd Koti
VKioR5jw,Nmdc,Nmdc,17.398961480216787,78.44955235719682,NMDC twd Uppal
m9io71dj,Masab Tank,Masab Tank,17.40426080475889,78.45190465450288,MASAB Tank twd Jublee Hills
qo0aajne,Pension Office,Pension Office,17.4074738361027,78.4510845331515,PENSION OFFICE twd Panjagutta
0UenuDJ9,Care Hospital-Banjara Hills,Care Hospital-Banjara Hills,17.41362673174932,78.45043346346029,CARE Hospital twd Secunderabad
ppmUDuzH,Banjarahills Road No 7,Banjarahills Road No 7,17.416806784117313,78.4487932920456,BANJARA HILLS Road no 7 Taj Krishna twd Punjagutta
cz4pE5ER,Gvk Mall,Gvk Mall,17.418730990367045,78.44810396432878,G.V.K. twd Ameerpet
ueRNhDvS,Nims Hospital,Nims Hospital,17.421953360823977,78.4491151571274,NIMS Hospital twd Uppal
knSGAN1e,Punjagutta,Punjagutta,17.426621038973163,78.45111072063447,PANJAGUTA twd Secunderabad
V9ddvO25,Green Land,Green Land,17.430726989897867,78.45590785145761,GREENLAND twd Begumpet
qRKZzfuC,Rj College,Rj College,17.435037698134607,78.45528691882602,RJ COLLEGE twd Secunderbad
vmdvxAEq,Hps Begumpet,Hps Begumpet,17.4427992466057,78.4588914737105,BEGUMPET HPS twd Secunderabad
sNtT8ZDC,Shyamlal Begumpet,Shyamlal Begumpet,17.444383,78.461112,SHYAMLAL twd Secunderabad
GjAAZkb2,Shoppers Stop Begumpet,Shoppers Stop Begumpet,17.44512231917755,78.465001887711,SHOPPERS STOP twd Secunderabad
Q6FWRb1R,Prakash Nagar Begumpet,Prakash Nagar Begumpet,17.444306095337662,78.47153045015418,PRAKASH Nagar twd Secunderabad
joW0g0Qq,Police Lines,Police Lines,17.443691,78.478073,POLICE LINE twd Secunderabad
Cmq2kMFs,Wesley College,Wesley College,17.44347191151179,78.48205268785652,WESLEY COLLEGE twd Sec-bad
PwJCFyTq,Paradise,Paradise,17.443494936781793,78.48664998976962,PARADISE METRO STN twd Secunderabad
KIkHjkpt,Plaza,Plaza,17.44330305239693,78.49065722513043,PLAZA twd Secunderabad
X0STVNy1,Patny,Patny,17.44318275884649,78.49624693393709,PATNY twd Secunderabad
QeBJG7EM,Secunderabad,Secunderabad,17.442947325300093,78.50370883941652,ST ANNS twd Rathifile bus station
TaPAXfJn,Sangeeth-Isckon,Sangeeth-Isckon,17.441167630338985,78.50563600890398,SANGEETH Cross Road twd Chilkalguda
whMygxc9,Secunderabad,Secunderabad,17.4371305954537,78.5051479719086,BLUESEA CAFE twd Tarnaka
G7Crwnuu,Chilkalguda,Chilkalguda,17.433305252319077,78.50677192143513,CHILKALGUDA twd Uppal
HxjRAjhe,Alugadda Bhavi,Alugadda Bhavi,17.435588,78.514285,ALUGADDABAVI twd Uppal
UXUFKwWS,Mettuguda,Mettuguda,17.434563,78.520907,METTUGUDA twd Uppal
are2VdTm,Tarnaka,Tarnaka,17.425805944766314,78.5327196118636,TARNAKA twd Yadagirigutta
8w1CBdo1,Habsiguda,Habsiguda,17.421297376185333,78.53977583351977,HABSIGUDA twd Uppal
jtlvGReR,Hmt Nagar,Hmt Nagar,17.42443969,78.54731418,HMT NAGAR twd Mallapur
vuGTfEKr,Nacharam,Nacharam,17.428082172907658,78.55094254199886,NACHARAM Village twd Mallapur
2b3B8JFF,Esi Hospital Nacharam,Esi Hospital Nacharam,17.43094713,78.55324522,NACHARAM ESI HOSPITAL twd Mallapur
hjFi7eQB,Nacharam X Road,Nacharam X Road,17.43363562648746,78.55445891494266,NACHARAM X RD twd Chengicherla
U3ikAqGd,Delhi Tubes Nacharam,Delhi Tubes Nacharam,17.438300227071,78.5583394443616,DELHI Tubes twd Mallapur
LwrbPeVu,Janapriya - Mallapur,Janapriya - Mallapur,17.44177321774534,78.56528164877854,JANAPRIYA twd ECIL
S6LmWE5N,Mallapur Village,Mallapur Village,17.4454882815445,78.56740593910219,MALLAPUR BUS STOP twd Ecil
YMEKiiCq,Noma Function Hall,Noma Function Hall,17.44719501610695,78.57199788093568,NOMA twd Chengicharla
ko9Sd2Em,Nfc X Roads,Nfc X Roads,17.448470578656217,78.57579454779625,NFC X ROADS twd Cherlapally
pLgbAwvD,Ashoknagar-Mallapur,Ashoknagar-Mallapur,17.450004551048462,78.58082905567282,ASHOK NAGAR twd ECIL
9mgpyHL4,Hcl,Hcl,17.45555446179154,78.5817369951529,HCL X Road twd Cherlapally
giCRzBi8,Ecil Gate,Ecil Gate,17.467405969913383,78.57388615792333,ECIL Factory twd Mallapur
Q2XxpKE2,Kushaiguda,Kushaiguda,17.480318357777065,78.57501536607744,KUSHAIGUDA twd Ghatkesar
3a2eLPl2,Nagarjuna Nagar Clny,Nagarjuna Nagar Clny,17.4801444,78.58167026,NAGARJUNA Nagar twd Nagaram
GTRQRJwL,Cherlapally Railway Station,Cherlapally Railway Station,17.45904064597108,78.60438824797338,CHERLAPALLY Railway Station twd Cherlapally
suDhrwkI,Cherlapally,Cherlapally,17.463285244066995,78.61145450231484,CHERLAPALLY Bus Stand
noE4riD7,Cherlapally Railway Station,Cherlapally Railway Station,17.459302896666948,78.60471278082488,CHERLAPALLY Railway Station twd Mallapur
0NDQJIGP,Chakripuram,Chakripuram,17.479200364671826,78.58546793460847,CHAKRIPURAM twd Secunderabad
fUjweVGF,Nagarjuna Nagar Clny,Nagarjuna Nagar Clny,17.47988472,78.58190194,NAGARJUNA Nagar twd Secunderabad
vQw0DmF3,Kushaiguda,Kushaiguda,17.48034395,78.57518468,KUSHAIGUDA twd Secunderabad
x7w566Y0,Delhi Tubes Nacharam,Delhi Tubes Nacharam,17.4380993820983,78.558230994496,DELHI Tubes twd Nacharam
KXSa7N9r,Hmt Nagar,Hmt Nagar,17.424028790241262,78.54717135429384,HMT NAGAR twd Tarnaka
Vu61jLWF,Habsiguda,Habsiguda,17.421528,78.538962,HABSIGUDA twd Tarnaka
jyBSJxcj,Tarnaka,Tarnaka,17.42570613900953,78.53222742494877,TARNAKA twd Secunderabad
7kbuoXmo,Mettuguda,Mettuguda,17.4362017151634,78.5206600651144,METTUGUDA twd Secunderabad railway station
V2FZzv9s,Alugadda Bhavi,Alugadda Bhavi,17.435314131088564,78.51438403488962,ALUGADDA BHAVI twd JBS
CFbXbiQw,Chilkalguda,Chilkalguda,17.43306214811975,78.50638295273589,CHILKALGUDA X Road twd Secunderabad
u3bvsFOc,Secunderabad,Secunderabad,17.434259,78.501577,SECUNDERABAD Railway Station
ok41NPb5,Patny,Patny,17.442960075099442,78.49667340517045,PATNY twd Begumpet
YPoQZzru,Plaza,Plaza,17.443204621664965,78.49011942051914,PLAZA twd Begumpet
GVLWcO80,Paradise,Paradise,17.44314095057875,78.48621763401826,PARADISE Metro Station twd Begumpet
C5RkuVFZ,Wesley College,Wesley College,17.443347223031,78.48193144196273,WESLEY COLLEGE twd Begumpet
jwo9ywmN,Police Lines,Police Lines,17.44365106196432,78.47499310970305,POLICE LINES twd Ameerpet
b6Ed1APh,Prakash Nagar Begumpet,Prakash Nagar Begumpet,17.443991837055457,78.47139358520509,PRAKASH Nagar twd Begumpet
xjTl0c9a,Shoppers Stop Begumpet,Shoppers Stop Begumpet,17.4448396158677,78.4649043157696,SHOPPER STOP twd Ameerpet
0QXQxf3w,Shyamlal Begumpet,Shyamlal Begumpet,17.44420961951012,78.46172824501993,SHYAMLAL  BANGLA twd Ameerpet
vICEAYpg,Hps Begumpet,Hps Begumpet,17.442554874152,78.4592780470848,BEGUMPET HPS twd Ameerpet
KgDSpIOK,Rj College,Rj College,17.434999401680997,78.4555792589056,RJ COLLEGE twd Panjagutta
AWE6D07a,Punjagutta,Punjagutta,17.426452245960245,78.45141112804414,PUNJAGUTTA twd Mehdipatnam
2GQGAQJB,Nims Hospital,Nims Hospital,17.421459243849505,78.44896227121355,NIMS twd Mehdipatnam
MCux42LE,Gvk Mall,Gvk Mall,17.41794804379372,78.44901859925332,GVK MALL twd Koti
sIoTCd6R,Banjarahills Road No 7,Banjarahills Road No 7,17.416331831970556,78.4489354512987,BANJARA HILLS Road no 7 Taj Krishna twd Mehdipatnam
A3gmwwj9,Care Hospital-Banjara Hills,Care Hospital-Banjara Hills,17.413632810042,78.4506118297576,CARE Hospital twd RGIA
0EWpgffm,Pension Office,Pension Office,17.40788488643572,78.45115899336824,PENSION OFFICE twd Mehdipatnam
wPpbiQd0,Masab Tank,Masab Tank,17.404163578171367,78.45224529504777,MASAB TANK twd Lakdikapul
xLkxr76E,Nmdc,Nmdc,17.398778406631845,78.44944775104524,NMDC twd Mehdipatnam
gV9iNXAG,Sarojini Devi Hospital,Sarojini Devi Hospital,17.398543037738683,78.44446688890459,SAROJINI DEVI HOSPITAL twd Lingampally
BJCimp4m,Mehdipatnam,Mehdipatnam,17.3944638148,78.4394866005,MEHDIPATNAM
2ZWzuUTZ,Tippu Khan Bridge,Tippu Khan Bridge,17.37339446398915,78.40440270951166,TIPPU KHAN twd Shankarpally
jsSYaRZ9,Ramdev Guda,Ramdev Guda,17.375237328424227,78.39603963221296,RAMDEVGUDA twd Shankerpally
n1MXMQMq,Age Bar,Age Bar,17.376563943836253,78.38581837700278,AGE BAR  twd Narsingi
Pm13hpJV,Ibrahim Bagh,Ibrahim Bagh,17.37671497160438,78.38191777467728,IBRAHIM BAGH twd Narsing
DJ1vRbAq,Taramathi,Taramathi,17.376788559802506,78.37891370141307,TARAMATHI twd Shankarpally
4gvSfGeB,Neknapur,Neknapur,17.378945180549202,78.36991489015512,NEKNAPUR twd Shankarpally
kPZTFaTS,Hanuman Temple,Hanuman Temple,17.381,78.367,HANUMAN TEMPLE twd Shankarpally
iGveCYEN,Kokapet X Rd,Kokapet X Rd,17.387619,78.341096,KOKAPET X ROAD twd ICFAI
7SoNNXKp,Grape Garden,Grape Garden,17.386822689078894,78.33802878828043,GRAPED GARDEN twd Khanpur
sFWHBI1O,Gandipet X Road,Gandipet X Road,17.385,78.331,GANDIPET X ROAD  twd Shankarpally
fh2ezkIf,Cbit,Cbit,17.3935355900935,78.32022428512572,CBIT twd Shankarpalli
2StGQPKr,Mile Stone,Mile Stone,17.39624969582202,78.31107795196874,CBIT HOSTEL twd Shankerpalli
R37p0OO9,Khanapur,Khanapur,17.397,78.302,KHANAPUR twd Mokila
pqdPrHsX,Miyakhan Gadda,Miyakhan Gadda,17.404933924462746,78.28495591921818,MIYAKHAN GADDA twd Ibs
ouE3tJiF,Janwada X Road,Janwada X Road,17.412737371514822,78.26676517953918,JANWADA X ROAD twd Ibs
VRc2v6Sq,Kollur X Road,Kollur X Road,17.417773993099914,78.24990481229281,KOLLUR X ROAD twd Mokila
B2E1U0Po,Dontapally,Dontapally,17.41855584065186,78.224317859737,DONTHANAPALLY X ROADtwd Shankarpally
Bots9uZJ,Indian Business School ( Ibs ),Indian Business School ( Ibs ),17.41892564435208,78.2169377809786,IBS twd Shankarpally
bSu8VLLo,Proddutur X Roads,Proddutur X Roads,17.422,78.21,PRODDUTUR X ROAD twd Shankarpally
1EbmKtfx,Mokila Bus Stop,Mokila Bus Stop,17.4319921696537,78.1897559389472,MOKILA twd Shankarpalli
pzXN1H4j,Bulkapur,Bulkapur,17.444802512633093,78.15878748893739,BULKAPUR twd Shankarpally
4XkSMGtG,Bhanur X Road,Bhanur X Road,17.453,78.144,BHANUR X Road twd Shankarpally
UCQMGasG,Shankarpally Bus Station,Shankarpally Bus Station,17.45583,78.13135,SHANKARPALLY Bus Station
0WxpWnzH,Bhanur X Road,Bhanur X Road,17.453334788385956,78.14411982778182,BHANUR X Road twd Mehdipatnam
hiYDONWZ,Bulkapur,Bulkapur,17.444894630995037,78.15888673067094,BULKAPUR twd Mehdipatnam
GzMVZaMe,Mokila,Mokila,17.433466481256,78.1868728995323,MOKILA twd Gandipet
oTBBk3lA,Proddutur X Roads,Proddutur X Roads,17.422314014490137,78.21024298431178,PRODDUTUR X ROAD twd Mehdipatnam
lk3b2qDU,Indian Business School ( Ibs ),Indian Business School ( Ibs ),17.41875993793671,78.21774579591754,IBS twd Mehdipatnam
Io40sLXx,Dontapally,Dontapally,17.41867995299534,78.22393298214146,DONTHANPALLY X ROAD twd Mehdipatnam
ytvCxXFb,Kollur X Road,Kollur X Road,17.41774328150473,78.25076043839934,KOLLUR X ROAD twd Khanapur
ev6wgDXG,Janwada X Road,Janwada X Road,17.412814152597296,78.26687514904219,JANWADA X ROAD twd Narsing
oFhCBRcF,Miyakhan Gadda,Miyakhan Gadda,17.405,78.286,MIYAKHAN GADDA twd Khanapur
hYWlKusT,Khanapur,Khanapur,17.397296517412794,78.30198258177154,KHANAPUR twd Narsing
qNee7vZl,Mile Stone,Mile Stone,17.39627529354781,78.31159830379545,CBIT HOSTEL twd Mehdipatnam
3Z4AuAHK,Cbit,Cbit,17.393674882929943,78.32026720411199,CBIT twd Mehdipatnam
SRmJE3Ta,Gandipet X Road,Gandipet X Road,17.386,78.331,GANDIPET X ROAD  twd Ramdev guda
bakKI0au,Grape Garden,Grape Garden,17.387,78.338,GRAPES GARDEN twd Langer House
EhRIzJx4,Kokapet X Rd,Kokapet X Rd,17.388022,78.341466,KOKAPET X ROAD twd Uppal
Pm5Rl4ZJ,Narsingi X Roads,Narsingi X Roads,17.3854635080172,78.355480581522,MANCHIREVULA X ROAD twd Mehdipatnam
1SdlIEjc,Hanuman Temple,Hanuman Temple,17.38024426637546,78.36837797990209,HANUMAN TEMPLE twd Mehdipatnam
JXAl0tDW,Neknapur,Neknapur,17.379,78.37,NEKNAPUR twd Mehdiptnam
YEipNxZK,Taramathi,Taramathi,17.376898634349697,78.3789338177856,TARAMATHI twd Mehdipatnam
mFHd1TsQ,Ibrahim Bagh,Ibrahim Bagh,17.3768448816577,78.38185611676433,IBRAHIM BAGH twd Mehdiptnam
YLvpA2j1,Age Bar,Age Bar,17.376663136054777,78.38585861028857,AGE BAR twd Mehidipatnam
PlLbsGM1,Ramdev Guda,Ramdev Guda,17.375122190463077,78.39702129343203,RAMDEVGUDA twd Mehdiptnam
JfIOK0oA,Tippu Khan Bridge,Tippu Khan Bridge,17.373358417062825,78.40511351714547,TIPPU KHAN twd MP
uA8YdKKq,Narsingi X Roads,Narsingi X Roads,17.3853137697208,78.35566498381479,MANCHIREVULA X Road twd Gandipet
VXQBI5es,Narsinghi,Narsinghi,17.385652880449932,78.35448950529099,NARSINGI
pJbQlUdV,Hayathnagar Bus Depot,Hayathnagar Bus Depot,17.326525053827773,78.59324097901651,HAYATNAGAR-1 Bus Depot
2uOlQMbc,Hayathnagar Bus Depot,Hayathnagar Bus Depot,17.33011503042731,78.59437286848586,HAYATH Nagar Depot twd Hayath nagar
9TGZiwiy,Rtc Colony-Hyt,Rtc Colony-Hyt,17.328654,78.598786,RTC Colony twd Hayatnagar
BsjNAyiG,Hayathnagar,Hayathnagar,17.327319938482045,78.60489331287081,HAYATHNAGAR Bus Station
qQ2eggZ4,Hayathnagar,Hayathnagar,17.32707761,78.60373244,HAYATHNAGAR twd LBNagar
jIGnqtq6,Rtc Colony Upl,Rtc Colony Upl,17.328056,78.599494,RTC COLONY twd DSNR
g3CVmJk7,Hayathnagar Bus Depot,Hayathnagar Bus Depot,17.329992177727636,78.59393297723564,HAYATH Nagar Depot twd Dilshuknagar
nib1nnsj,Bhagyalatha (Arunodaya),Bhagyalatha (Arunodaya),17.332316941353337,78.58912646770477,BHAGYALATHA twd Raithu bazar
SeOTAz0T,Shanthi Nagar-Vanastalipuram,Shanthi Nagar-Vanastalipuram,17.32820612818654,78.58753859787156,SHANTHI Nagar twd Raitu Bazar
3UkEBTxG,Sharada Nagar-Hayathnagar,Sharada Nagar-Hayathnagar,17.328194622534447,78.58507633086482,SHARADA NAGAR twd Raithu Bazar
9Ezr2Jwk,Subhadra Nagar,Subhadra Nagar,17.328829577640615,78.58341870475914,SUBHADRA Nagar twd Raitu Bazar
tSGCiQav,Kamala Nagar-Vanasthalipuram,Kamala Nagar-Vanasthalipuram,17.329825638001545,78.5790359981579,KAMALANAGAR twd Panama
IAGvk4V9,Raithu Bazar-Vsp,Raithu Bazar-Vsp,17.33049869563848,78.57515748841485,RAITHU Bazar twd Ganesh Temple Vanasthalipuram
kQF1TB5X,Vanasthalipuram Complex,Vanasthalipuram Complex,17.330719203537416,78.57296615880877,VANASTHALIPURAM Complex
3CpJuoZ6,Ganesh Temple-Vanastalipuram,Ganesh Temple-Vanastalipuram,17.33124156275812,78.56918692527435,GANESH Temple twd LB Nagar
JMhpzU6M,Panama Godowns,Panama Godowns,17.33799970053927,78.56924325227739,PANAMA Godown twd Dilshukanagar
MjEKXkAz,Chintalkunta Bus Stop,Chintalkunta Bus Stop,17.340501,78.563096,CHINTALKUNTA twd Dilshuknagar
lyF23GGb,Chintalkunta Checkpost,Chintalkunta Checkpost,17.342627706767566,78.55642760745923,CHINTALKUNTA CHECK POST twd Dilshuknagar
jNMgv2Al,Lb Nagar,Lb Nagar,17.347097587375245,78.55122149337176,LB NAGAR  X Road twd JBS
Ap1EukzU,Kamineni Hospetal-Lb Nagar,Kamineni Hospetal-Lb Nagar,17.3533656317548,78.5555738449488,KAMINENI Hospital twd JBS
buDaArKj,Rajeev Gandhi Nagar/Sai Nagar Bus Stop,Rajeev Gandhi Nagar/Sai Nagar Bus Stop,17.35991872206882,78.55758771474177,RAJEEV GANDHI NAGAR twd JBS
qPtExEEi,Alkapuri X Rds,Alkapuri X Rds,17.365287,78.556949,ALKAPURI X Roads twd JBS
BCMwFXGv,Snehapuri - Lb Nagar,Snehapuri - Lb Nagar,17.369106411255903,78.55721623154713,SNEHAPURI twd Secunderabad
AnLTMfwA,Nagole X Rds,Nagole X Rds,17.3767810792273,78.5577533319177,NAGOLE X Road twd Uppal
igXYuJJL,Nagole Metro Station,Nagole Metro Station,17.39052648662781,78.5587478043404,NAGOLE Metro Station twd Uppal
qbtDyPmY,Uppal X Roads,Uppal X Roads,17.4020398586715,78.5595762357115,UPPAL X ROAD  twd Jagathgirigutta
HRc9q9cv,Survey Of India,Survey Of India,17.405683,78.555518,SURVEY OF INDIA twd Secunderabad
h14pP8Q5,Ngri,Ngri,17.4154051662213,78.5453817445992,NGRI twd JBS
B9wleFxF,Railway Degree Collge,Railway Degree Collge,17.4286299145881,78.52731227874757,RAILWAY DEGREE COLLEGE twd Secunderabad rly station
fDQ48G2W,Mettuguda,Mettuguda,17.434189,78.520796,METTUGUDA twd JBS
gVRyRzSN,Jbs,Jbs,17.447612217508436,78.49757970989845,Jublee Bus Station
ajXH07Oj,Ngri,Ngri,17.4154662609906,78.5457455222495,NGRI twd Uppal
SbVE8Ev9,Survey Of India,Survey Of India,17.406015994449,78.5556103944187,SURVEY OF INDIA  twd Uppal
bHfuhRVs,Uppal X Road,Uppal X Road,17.399935344178544,78.56028199195865,UPPAL X Roads twd RGIA
5YoLyTS1,Nagole Metro Station,Nagole Metro Station,17.39055719841084,78.55892480737447,NAGOLE Metro Station twd Lb Nagar
sJVjEk53,Nagole X Road,Nagole X Road,17.37622157097026,78.55804368873083,NAGOLE X Road twd RGIA
UsvPMDtj,Snehapuri Colony,Snehapuri Colony,17.368836374808627,78.55739058461732,SNEHAPURI COLONY twd LB Nagar
j5uk5YHU,Alkapuri X Road,Alkapuri X Road,17.36402244176294,78.55731279756087,ALKAPURI X Road twd LBNagar
C7MKjOpe,Rajeev Gandhi Nagar,Rajeev Gandhi Nagar,17.3596592052439,78.5578143596649,RAJEEV GANDHI NAGAR twd LB Nagar
KEmdPCGs,Kamineni Hospital,Kamineni Hospital,17.3524400960622,78.5556759154176,KAMINENI Hospital twd Lb Nagar
3GrSvtyq,Lb Nagar,Lb Nagar,17.34654207243523,78.55145887707285,LB NAGAR X Road  twd Hayathnagar
pXxlBybY,Chintalkunta Check Post,Chintalkunta Check Post,17.342,78.558,CHINTALKUNTA CHECK POST twd Choutuppal
HqApOlBt,Chintalkunta Bus Stop,Chintalkunta Bus Stop,17.340883817595213,78.56209784865966,CHINTALKUNTA twd Hayatnagar
nsLzkHjZ,Panama Godowns,Panama Godowns,17.338402953403982,78.56863975524904,PANAMA Godown twd Hayathnagar
2vgzCngU,Ganesh Temple-Vanasthalipuram,Ganesh Temple-Vanasthalipuram,17.33180229666866,78.56924861748452,GANESH TEMPLE twd Hayathnagar
AVqMsMvj,Vanasthalipuram,Vanasthalipuram,17.3313606228412,78.572897426784,VANASTHALI Puram Complex twd Hayathnagar
2NKuNLpA,Raithu Bazar-Vsp,Raithu Bazar-Vsp,17.330605307004852,78.57562422134342,RAITU Bazar twd Kamalanagar
nkt9SkEX,Kamala Nagar-Vanasthalipuram,Kamala Nagar-Vanasthalipuram,17.329893438449055,78.57894077954305,KAMALANAGAR twd Hayathnagar
hnG4z3o9,Subhadra-Kamala Nagar,Subhadra-Kamala Nagar,17.32891292206284,78.58334100694961,SUBHADRA Nagar twd Shanthi Nagar
NiwiEx9q,Sharada Nagar-Hayathnagar,Sharada Nagar-Hayathnagar,17.32945564562372,78.58563154935838,SHARADHA Nagar twd Bhagyalatha
jhd9QeGO,Shanthi Nagar-Vanastalipuram,Shanthi Nagar-Vanastalipuram,17.329318667712574,78.58753591536306,SHANTHI Nagar twd Bagyalatha
DQGu7xHQ,Bhagyalatha,Bhagyalatha,17.332940228836,78.5892717767686,BHAGYALATHA twd Haythnagar
CFHNbG2J,Chilkur Balaji Temple,Chilkur Balaji Temple,17.357105231424185,78.29990923404695,CHILKUR BALAJI Temple Bus Stop
hsnDsySD,Care Hospital-Banjara Hills,Care Hospital-Banjara Hills,17.41362673174932,78.45043346346029,CARE Hospital twd Secunderabad
DlkTzhBT,Indra Gandhi Statue-Secunderabad,Indra Gandhi Statue-Secunderabad,17.437418,78.504398,IG STATUE twd SEC BAD
hAc9AQA9,Mehdipatnam,Mehdipatnam,17.393915324556698,78.442412312793,MEHDIPATNAM twd Tallagadda
PRepdcnz,Ecil X Road,Ecil X Road,17.472533417846755,78.57006316234603,ECIL Bus terminal
65IwqrLo,Mahaveer Hospital,Mahaveer Hospital,17.402868470276513,78.45855106941224,MAHAVIR Hospital twd Koti
SBmkG9NJ,Bjr College,Bjr College,17.40485709447515,78.4610563497947,BJR College twd NIMS
Gm0WIrE8,Lakdikapool,Lakdikapool,17.406426025741833,78.46275493341807,LAKDIKAPOOL twd Dilsukhnagar
Dg7VAzf3,Telephone Bhavan,Telephone Bhavan,17.407122137213587,78.46616058810464,TELEPHONE Bhavan
ZNUKsMix,Secretariat Lic Building,Secretariat Lic Building,17.408117,78.471823,SECRETARIAT twd JBS
NYWivGae,Tank Bund,Tank Bund,17.422315,78.485023,MIDDLE TANK BUND twd JBS
v8JMo7Nn,Bible House,Bible House,17.43064135723396,78.49224509513486,BIBLE House twd Secunderabad
noFGCQkJ,Bata,Bata,17.436004991176674,78.49370419380125,BATA twd Secunderabad
iBWNwmWj,Clock Tower Secunderabad,Clock Tower Secunderabad,17.44151686356847,78.49839798450833,CLOCK Tower twd Secunderabad
AbZzpwXc,Sangeeth-Isckon,Sangeeth-Isckon,17.44112284031165,78.50336015298443,SANGEETH twd Secunderabad
UlSL8FAc,Clock Tower Secunderabad,Clock Tower Secunderabad,17.4405957478608,78.49705697786254,CLOCK Tower twd Patny
HJTDI9P3,Bata,Bata,17.43611758917923,78.49385708570482,BATA twd Tank Bund
Ci8Yl6FR,Bible House,Bible House,17.430759023903633,78.4924649817205,BIBLE House twd CBS
rzCMv7kP,Boats Club,Boats Club,17.426413746913063,78.48674121076029,BOATS Club twd CBS
UnvVAGqJ,Tank Bund,Tank Bund,17.422205,78.48515,TANKBUND twd CBS
WPJcfJaq,Secretariat Lic Building,Secretariat Lic Building,17.40765263199,78.47141470760099,SECRETARIAT twd RGIA
nV1IXc4T,Birla Mandir,Birla Mandir,17.40606773842893,78.46732735633852,RBI Birlamandir twd CBS
9MesXC3c,Mahaveer Hospital,Mahaveer Hospital,17.402745621729753,78.4583152380295,MAHAVIR HOSPITAL twd Mehdipatnam
zb4YFQB5,Himayathnagar X Road,Himayathnagar X Road,17.33931347,78.31119899,HIMAYATH Nagar X Road twd Chilkur
idtsF5sQ,Himayathnagar Village,Himayathnagar Village,17.342901421144,78.3082163492706,HIMAYAT Nagar twd Balaji Temple
lFhBU2uw,Residential School-Chilkur Balaji,Residential School-Chilkur Balaji,17.347658323175516,78.29992532730104,RESIDENTIAL School twd Balaji temple
UBeedL9T,Gitam University,Gitam University,17.549876114306652,78.16419042500294,GITAM UNIVERSITY
eOVTjUWY,Rudhraram,Rudhraram,17.5638035595563,78.1667164340615,RUDRARAM twd Patancheruvu
VThbv9DF,Lakdaram,Lakdaram,17.55670952,78.18506375,LAKDARAM twd Hyderabad
eHbnVL9F,Isnapur,Isnapur,17.54717299357578,78.2125073424965,ISNAPUR twd MGBS
3McYaDDT,Muttangi,Muttangi,17.5427159207682,78.2266661524772,MUTHANGI twd Patancheruvu
F3aXWUAz,Navapan Industries,Navapan Industries,17.53226294,78.25435426,NAVAPAN Industries twd JBS
Xm2G887A,Patancheruvu,Patancheruvu,17.529541978009505,78.26410711375621,PATANCHERUVU twd Koti
FMXqLNtM,J.P Colony,J.P Colony,17.5286758468744,78.2672027125954,J P COLONY BUS STOP PATANCHERU  twd JBS
WV9IcDKE,Icrisat,Icrisat,17.5183441688588,78.27943873203023,ICRISAT twd Lingampally
HBEsChQJ,Rc Puram,Rc Puram,17.513806475456402,78.28835430176822,RC PURAM Bus Stop twd Koti
uszXY4af,Beeramguda Kaman,Beeramguda Kaman,17.508994,78.300791,BEERAMGUDA KAMAN twd Koti
88qmN6Io,Ashok Nagar - Bhel,Ashok Nagar - Bhel,17.504589,78.308468,ASHOK Nagar twd Koti
7GAFuon5,"Jyothi Nagar, (Lalaguda)","Jyothi Nagar, (Lalaguda)",17.50207,78.312112,JYOTHI Nagar Bus Stop twd Lingampally
NvZJ6Bq3,Lingampally,Lingampally,17.49484918687174,78.316890299404,LINGAMPALLY BS
WnogEKf8,Lingampally,Lingampally,17.48004206867046,78.31533197733737,LINGAMPALLY Railway Station twd Mehdipatnam
4WOwv4iE,Alind,Alind,17.47667524500963,78.32473307847978,ALIND Doyene Colony twd Mehdipatnam
lohzZAZ2,Hcu Main Gate,Hcu Main Gate,17.468233,78.331306,HCU Depot Gate twd Mehdipatnam
Mzyf0mUV,Hcu Main Gate,Hcu Main Gate,17.46220192485904,78.33550219058736,HCU MAIN GATE twd Mehdipatnam
X2pdhYhb,Masjid Banda,Masjid Banda,17.459430842653187,78.338016717216,MASJID Banda twd Mehdipatnam
fEiTwduh,Hcu Small Gate,Hcu Small Gate,17.456496,78.340242,HCU Small Gate twd Mehdipatnam
XvrhNaV0,Gachibowli Stadium,Gachibowli Stadium,17.45075,78.3468,GACHIBWOLI Stadium twd Mehdipatnam
n8YbCvTO,Iiit,Iiit,17.444441506975238,78.35368482251634,IIIT twd Mehdipatnam
CTLSoPoL,Indira Nagar- Gachibowli,Indira Nagar- Gachibowli,17.440605937791037,78.36094290145553,INDIRA Nagar twd Mehdipatnam
WcY4kntl,Gachibowli,Gachibowli,17.4383272428414,78.36456522345541,GACHIBOWLI X ROAD twd Mehdipatnam
b8EKh3kU,Telecom Nagar,Telecom Nagar,17.435595573474846,78.36775302621616,TELECOM NAGAR twd Mehdipatnam
RIQHN9r7,Bio Diversity,Bio Diversity,17.429157224648808,78.37504324809494,BIO DIVERSITY COMPLEX twd RGIA
5TZMCxdr,Khajaguda X Road,Khajaguda X Road,17.422308899990874,78.38296933550146,KHAJAGUDA X Road twd Mehdipatnam
PUvsyqi8,Darga,Darga,17.412174448493204,78.39587332747406,DARGA twd Mehdipatnam
c5vdOWvP,Narayanamma College,Narayanamma College,17.410228,78.398301,NARAYANAMMA COLLEGE twd Mehidipatnam
FWbv1Cmq,Shaikpet Nala,Shaikpet Nala,17.407242497448888,78.40242594480515,SHAIKPETNALA twd Mehdipatnam
Z9AN7eoD,Brindhavan Colony,Brindhavan Colony,17.4035080135269,78.4092719480395,BRINDAVAN Colony twd Mehdipatnam
5UVBX5dh,Toli Chowki,Toli Chowki,17.39924429257621,78.41551781525934,TOLICHOWKI twd Mp
22iIia8u,Nanal Nagar,Nanal Nagar,17.3962,78.427,NANAL Nagar twd Mehidipatnam
xetyljvm,Chandanagar-Moinabad,Chandanagar-Moinabad,17.373857495222996,78.2613282188131,CHANDA NAGAR Village
9ahqTeb2,Koti Women College,Koti Women College,17.38495030045996,78.48847925676144,KOTI Womens College
tRKrXYoZ,Koti Women College,Koti Women College,17.384808257142353,78.48762095763595,WOMENS COLLEGE twd Koti
PdS5x1iC,Koti,Koti,17.38309842228746,78.48281983633859,KOTI Medical College
QjPFvUK8,Abids Gpo,Abids Gpo,17.38756755284601,78.47617327807579,ABIDS GPO twd Nampally
0JxeENcx,Kukatpally,Kukatpally,17.483853963508036,78.41241718136001,KUKATPALLY twd Patancheru
DFla4Krg,Kphb,Kphb,17.494062,78.400453,KPHB Metro Station twd Patancheru
5JNKM30n,Jntu,Jntu,17.496261,78.39441,JNTU X ROAD twd Patancheru
lXQ2Ri6E,Nizampet X Rds,Nizampet X Rds,17.498276,78.390314,NIZAMPET X ROAD twd Patancheru
SX8Vkcd2,Hydernagar,Hydernagar,17.499185,78.383519,HYDERNAGAR  twd Patancheru
QaDZj4Nl,Miyapur Metro Station,Miyapur Metro Station,17.496265,78.370945,MIYAPUR Metro Station twd Patancheru
YAi2DjcQ,Miyapur X Road,Miyapur X Road,17.496480967308223,78.36260927590494,MIYAPUR X Road twd Patancheru
VocKUPzH,Miyapur,Miyapur,17.495772,78.357949,MIYAPUR twd Patancheru
rmYfcZ5Z,Allwyn X Road,Allwyn X Road,17.4939180409565,78.35006654167384,ALLWYN X RD twd Patancheruvu
Y9F02Tzl,Madeenaguda,Madeenaguda,17.494912,78.340601,MADEENAGUDA twd Patancheru
rfBAovF9,Gangaram,Gangaram,17.4950921682438,78.33270711916356,GANGARAM twd Patancheru
n9wOSYw8,Chandanagar,Chandanagar,17.494893,78.323144,CHANDANAGAR twd Patancheru
fj8FVMOk,Jyothi Nagar-Bhel,Jyothi Nagar-Bhel,17.501464,78.312041,JYOTHI NGR  BHEL twd Patancheruvu
dRMDe5T6,Ashok Nagar - Bhel,Ashok Nagar - Bhel,17.504123,78.308781,ASHOK NAGAR BHEL twd Patancheruvu
Nw9MwrDH,Beeramguda Kaman,Beeramguda Kaman,17.50889,78.300277,BEERAMGUDA KAMAN twd Patancheru
1o698GP3,Rc Puram,Rc Puram,17.513617,78.287795,RC PURAM twd Patancheruvu
II7bciLP,Icrisat,Icrisat,17.518553830327,78.2787145288346,ICRISAT
enXMW3fY,Patancheruvu,Patancheruvu,17.529025313995227,78.26428414745395,PATANCHERUVU
6PCwr68X,Allwyn,Allwyn,17.524898484106128,78.27172928470921,ALWYN twd Miyapur
kduNCBUS,Lingampally,Lingampally,17.49520733476956,78.31726010294108,LINGAMPALLY twd Uppal
p7cz7tF2,Chandanagar,Chandanagar,17.495161277595447,78.32297623157503,CHANDANAGAR twd  Uppal
Md3ixzA9,Gangaram,Gangaram,17.49517406827654,78.33089947700502,GANGARAM twd  Uppal
B4DT0HD4,Madeenaguda,Madeenaguda,17.49539,78.340708,MADINAGUDA Bus Stop twd Koti
THhHj4EN,Deepthi Sri Nagar,Deepthi Sri Nagar,17.495068,78.345604,DEEPTHISRINAGAR  twd Koti
hAUDjfku,Allwyn X Road,Allwyn X Road,17.49441141826665,78.3522099578215,ALLWYN X Road twd Koti
NZVBKXVQ,Miyapur,Miyapur,17.496693595190155,78.36077123888194,MIYAPUR twd Uppal
O2WcwZw9,Miyapur X Road,Miyapur X Road,17.496837651442597,78.36358365057903,MIYAPUR X Road twd RGIA
5tRdKNc0,Miyapur Metro Station,Miyapur Metro Station,17.496817,78.371098,MIYAPUR Metro Station twd Uppal
D0CKSBuN,Hydernagar,Hydernagar,17.49954,78.383844,HYDERNAGAR twd Uppal
BcrTembT,Nizampet X Rds,Nizampet X Rds,17.498657,78.390476,NIZAMPET X ROAD  twd JNTU
Yjlj2QcH,Jntu,Jntu,17.496724316481544,78.39444637064955,JNTU X RD twd Uppal
jKdphPgN,Kphb,Kphb,17.49455752423557,78.40080993079125,KPHB twd MGBS
6ieMkQHe,Kukatpally,Kukatpally,17.483715815504528,78.41292410889584,KUKATPALLY twd Koti
ag157Sbi,Moosapet,Moosapet,17.472707091812815,78.42565119365365,MOOSAPET twd Koti
P7COoExj,Bharath Nagar,Bharath Nagar,17.467129663064462,78.42903616679668,BHARATH Nagar twd Koti
LIzlAAM2,Erragadda,Erragadda,17.45278567589183,78.43578995884637,ERRAGADDA twd MGBS
UQN34MTt,Esi Hospital Erragadda,Esi Hospital Erragadda,17.446138,78.439221,ESI Hospital twd Koti
MTUln49h,Sr Nagar,Sr Nagar,17.440269,78.442599,SR NAGAR twd Uppal
4SATTACn,Maithrivanam,Maithrivanam,17.43784249215113,78.44349316287646,MAITRIVANAM twd Koti
E7s4NexM,Ameerpet,Ameerpet,17.431749,78.447983,AMEERPET twd Koti
UefVeqR5,Panjaguta Metro Station,Panjaguta Metro Station,17.429261,78.450954,PUNJAGUTA Metro Station twd Koti
ayYyCeX1,Nims Hospital,Nims Hospital,17.423163778891862,78.45452783183428,NIMS Hospital twd Koti
17u3Dlmo,Irram Manzil,Irram Manzil,17.42052788888913,78.45618563834383,IRRUM MANZIL twd Koti
kOM90j5y,Somajiguda,Somajiguda,17.415926245138664,78.45783231827038,SOMAJIGUDA twd Koti
F7NYzY8g,Khairatabad,Khairatabad,17.4128396608948,78.46056819441273,KHAIRATABAD twd Koti
1EVLfRYi,Chintal Basthi,Chintal Basthi,17.408954704223085,78.460584290468,SHADAN COLLEGE twd Koti
LUl5q810,Assembly,Assembly,17.402243986188587,78.46856114520858,ASSEMBLY twd Koti
FQ28CymB,Abids Grammar School,Abids Grammar School,17.393331825754654,78.47624970872803,ABIDS Grammar School twd Koti
8VIiwiTV,Koti Bank Street,Koti Bank Street,17.385427356607348,78.48190784983326,KOTI BANK STRRET twd LB Nagar
1XFVrKv3,Bhagyalatha,Bhagyalatha,17.3326600370083,78.58879923820497,BHAGYALATHA twd Dilshuk nagar
PAAUi1nF,High Court Colony-Dsnr,High Court Colony-Dsnr,17.334888,78.5848,HIGH COURT COLONY twd DSNR
EqUJBGCm,Auto Nagar-Sushma,Auto Nagar-Sushma,17.336228,78.576683,AUTONAGAR twd Dilshuknagar
4hKYSm5a,Sushma-Autonagar,Sushma-Autonagar,17.336679,78.573089,SUSHMA TALKIES twd LB Nagar
ctHg6lcm,Lb Nagar,Lb Nagar,17.34698733661979,78.55012713856546,LB NAGAR X Road twd Dilsuknagar
fXQQH2MZ,Lb Nagar Metro Station,Lb Nagar Metro Station,17.350114952510932,78.54750922857595,LB Nagar Metro Station twd MGBS
H34GqhjL,Ntr Nagar Lb Nagar,Ntr Nagar Lb Nagar,17.3557181903671,78.54530411806,NTR NAGAR twd Dilsuknagar
j03fTpZX,Ashtalakshmi Temple-Kothapet,Ashtalakshmi Temple-Kothapet,17.362788,78.543466,DWARAKA Nagar Ashtalakshmi Temple twd Dilshuknagar
URqOZwMM,Kothapet X Road,Kothapet X Road,17.367130204708886,78.540404143283,KOTHAPET twd MGBS
85BLnSI1,Kothapet-Fruit Market,Kothapet-Fruit Market,17.368251445011527,78.53474736213686,FRUIT MARKET twd MGBS
nCGtoaLy,Chaithanyapuri,Chaithanyapuri,17.3683129496413,78.5313431392741,CHAITANYAPURI twd MGBS
4URl0L5Y,Dilsukhnagar Bus Depot,Dilsukhnagar Bus Depot,17.36844294769713,78.52318523008526,DILSUKHNAGAR twd MGBS
CWHLIfmF,Moosarambhagh,Moosarambhagh,17.369603091248457,78.51577877110545,MOOSARAMBAGH twd Koti
sZoLwKhA,Super Bazar Malakpet,Super Bazar Malakpet,17.371934,78.50992,SUPER BAZAR twd Koti
eZaYndv0,Chermas Malakpet,Chermas Malakpet,17.37300258761809,78.50529670715333,MALAKPET CHERMAS twd Koti
lvN5ZKax,Nalgonda X Roads,Nalgonda X Roads,17.374180270823153,78.49971242465271,NALGONDA X ROADS twd Koti
puLeqHhl,Chaderghat,Chaderghat,17.377216051694724,78.49302023649217,CHADARGHAT twd Koti
5lBRTe5B,Dilsukhnagar Bus Depot,Dilsukhnagar Bus Depot,17.36880438199626,78.52383870221536,DILSUKHNAGAR Bus Station
ygPilzwX,Ashtalakshmi Temple-Kothapet,Ashtalakshmi Temple-Kothapet,17.362645,78.543864,DWARAKA Nagar Ashtalakshmi Temple twd Lbnagar
VfWv1xKO,Laxmireddy Palem,Laxmireddy Palem,17.3207661276856,78.626633479152,LAXMA REDDY PALEM twd RFC
qdyOuVOq,Pedda Amberpet,Pedda Amberpet,17.3214319909812,78.6393264168249,PEDDA AMBERPET twd RFC
5Jsa2cry,Outer Ring Road,Outer Ring Road,17.3175986217581,78.661840280674,ORR twd RFC
vMvkw0ys,Abdullapurmet,Abdullapurmet,17.310007,78.686613,ABDULLAPURMET twd Nalgonda
OhviA7kV,Inamguda,Inamguda,17.306523,78.705618,INAMGUDA twd Nalgonda
0DezTsQi,Jafferguda X Road,Jafferguda X Road,17.306913321905327,78.71553093770618,JAFFERGUDA X ROAD twd CTPL
1DxNpC0z,Bata Singaram,Bata Singaram,17.3056575377595,78.7288367003202,BATASINGARAM twd Suryapet
mMoDIF8Z,Kothagudem,Kothagudem,17.300758996933226,78.73938361667363,KOTHAGUDEM twd Choutuppal
iFO6HFif,Dandumailaram X Road,Dandumailaram X Road,17.292541667907287,78.75393211841585,DANDUMAILARAM X Road twd Choutuppal
Bx1F0lE0,Toopranpet,Toopranpet,17.29162738005971,78.76089245209059,TOOPRANPET twd Choutuppal
23CIGReG,Andol Maisamma,Andol Maisamma,17.282048970078797,78.7830501207823,ANDHOL MAISAMMA twd CTPL
IdFkmzvP,Malkapur,Malkapur,17.280343,78.796394,MALKAPUR twd Nalgonda
hEKGr0me,Kaithapur,Kaithapur,17.267575401091545,78.82716716470516,KAITHAPUR twd Choutuppal
6Y38y3x3,Koyyalagudem,Koyyalagudem,17.260918650697825,78.84395240416974,KOYYALAGUDEM twd Choutuppal
2pzMp4DB,Dharmojigudem,Dharmojigudem,17.256564163762608,78.87777775585944,DHARMOJIGUDEM twd CTPL
W3eaikE1,Choutuppal Bs,Choutuppal Bs,17.254412533861,78.8944798707962,CHOUTUPPAL Bus Stand
iktEJq83,Dharmojigudem,Dharmojigudem,17.256425915402573,78.87770003948182,DHARMOJIGUDEM twd MGBS
dUQ79Lat,Koyyalagudem,Koyyalagudem,17.260426753369195,78.84399533271791,KOYYALAGUDEM twd Mgbs
nzBeb6JC,Kaithapur,Kaithapur,17.2676300500789,78.8266226649284,KAITHAPUR twd MGBS
TOFkPo9B,Malkapur,Malkapur,17.280127,78.7965,MALKAPUR twd Hyderabad
12pJETKr,Andol Maisamma,Andol Maisamma,17.28241271787879,78.78220795746522,ANDHOL MAISAMMA twd MGBS
GIbzlNRL,Toopranpet,Toopranpet,17.291326,78.76186,TOOPRANPET twd Hyderabad
hvR3himq,Dandumailaram X Road,Dandumailaram X Road,17.292286850430184,78.75417617827692,DANDUMAILARAM X ROAD twd Hayathnagar
vtACzCrV,Kothagudem,Kothagudem,17.30059500440029,78.73924942838704,KOTHAGUDEM twd LB Nagar
EhPooyEv,Bata Singaram,Bata Singaram,17.3052670169839,78.7292400375008,BATASINGARAM twd L B Nagar
ANNOm3sh,Jafferguda X Road,Jafferguda X Road,17.30654248791529,78.71559247495323,JAFFERGUDA X ROAD twd MGBS
u5FObTEK,Inamguda,Inamguda,17.306185,78.705423,INAMGUDA twd Hyderabad
bYNoEFSN,Abdullapurmet,Abdullapurmet,17.30977,78.686607,ABDULLAPURMET twd Koti
UxlFgM6j,Outer Ring Road,Outer Ring Road,17.3172867935157,78.662109152387,ORR twd JBS
giMY0XoZ,Pedda Amberpet,Pedda Amberpet,17.3205492,78.64124112,PEDDA Amberpet twd MGBS
lwT4qIh2,Laxmireddy Palem,Laxmireddy Palem,17.3205565388484,78.6265720024474,LAXMA Reddy Palem twd Jbs
MhuyshjB,Dilsukhnagar Bus Depot,Dilsukhnagar Bus Depot,17.368620072554712,78.52366448257763,DILSUKHNAGAR twd Kothapet
lHmEewAT,Chaithanyapuri,Chaithanyapuri,17.368481777100715,78.53261232524069,CHAITANYAPURI  twd Hayatnagar
h9voTH7m,Kothapet-Fruit Market,Kothapet-Fruit Market,17.368517676089354,78.5350263118744,FRUIT MARKET twd Hayatnagar
AqZ2QeCT,Kothapet X Road,Kothapet X Road,17.36683421,78.54130168,KOTHAPET twd Hayatnagar
QHrSIczA,Ntr Nagar Lb Nagar,Ntr Nagar Lb Nagar,17.3559666460859,78.5456078099895,NTR NAGAR twd Hayatnagar
EULzHBDa,Lb Nagar Metro Station,Lb Nagar Metro Station,17.349716716334726,78.54816921750754,LB NAGAR METRO STN twd Hayatnagar
8LFMgL8w,Sushma-Autonagar,Sushma-Autonagar,17.336986,78.573452,SUSHMA Theatre Vanasthalipuram twd Hayath nagar
XdTavtD9,Auto Nagar-Sushma,Auto Nagar-Sushma,17.336495,78.576728,AUTONAGAR twd Hayath nagar
p8GTujGn,High Court Colony-Dsnr,High Court Colony-Dsnr,17.335042,78.585203,HIGH COURT COLONY twd Hayatnagar
bv5t1O6B,Chaderghat,Chaderghat,17.377081,78.49577,CHADARGHAT twd Dilshuknagar
fFjh9l4f,Super Bazar Malakpet,Super Bazar Malakpet,17.3724598986845,78.5091124847531,SUPER Bazar twd Dilsukhnagar
YUE38iid,Rajendra Nagar Depot,Rajendra Nagar Depot,17.334744201313217,78.40934336185455,RAJENDRA Nagar Bus Depot
vqEeoNzr,Nppti,Nppti,17.337025458538285,78.41178953647615,NPPTI twd Dairy Farm
D5gSvozj,Dairy Farm Upperpally,Dairy Farm Upperpally,17.345415,78.416081,DAIRY Farm Upperpally twd Uppal
ChmUll1G,Ws Colony,Ws Colony,17.332556978150567,78.42688534408809,WEAKER SECTION twd Uppal
ClOYL7ib,Shivarampally,Shivarampally,17.3266662961617,78.4257102254793,SHIVRAMPALLY twd Aramghar
BMX7A8jV,Aramghar,Aramghar,17.32124787328117,78.43160306804967,ARAMGHAR twd RGIA
D6y4m7A5,Ag College,Ag College,17.3137973031086,78.4247664851953,AG College twd Shamshabad
pWgyJcJa,Gagan Pahad,Gagan Pahad,17.2928908969124,78.417686383595,GAGANPAHAD twd Shamshabad
WZDC0taq,Sathamrai,Sathamrai,17.2745185707741,78.4011790016069,SATHAMRAI twd Shamshabad
g7ENJRdr,Shamshabad,Shamshabad,17.26446106645507,78.39133769548276,SHAMSHABAD Vegetable Market twd Raichur
ZdNjgXdW,Shamshabad,Shamshabad,17.262045651399877,78.3882424235344,SHAMSHABAD twd Shadnagar
U6BONCXR,Shamshabad,Shamshabad,17.262309,78.387974,SHAMSHABAD twd MGBS
SA2zPWiO,Moosarambhagh,Moosarambhagh,17.3711242901418,78.5147541524288,MOOSARAMBAGH twd Uppal
VG2Fqlqg,Sripuram Colony,Sripuram Colony,17.37663702988011,78.51466830665304,SRIPURAM Colony twd Amberpet
sefI86gV,Ali Cafe Amberpet,Ali Cafe Amberpet,17.38206550882997,78.51821154632164,ALI CAFE twd Amberpet
DkuF8ajC,Amberpet,Amberpet,17.390306353560877,78.51645469665527,AMBERPET twd Dilshuknagar
Wi1A6UP7,Gol Naka,Gol Naka,17.39053663445227,78.50637482478841,GOLNAKA twd MGBS
E0L28SCX,Kachiguda Kamela,Kachiguda Kamela,17.387983492985366,78.50304231082751,KACHIGUDA KAMELAtwd MGBS
PwlGD5EA,Chaderghat,Chaderghat,17.381472,78.492653,CHADARGHAT Kedia College twd Kachiguda
IR5YiCGc,Nimboliadda,Nimboliadda,17.38422366,78.49360194,NIMBOLIADDA twd Kachiguda railway station
AZ9WhQ64,Kachiguda Railway Station,Kachiguda Railway Station,17.389500078206755,78.49726416212899,KACHIGUDA Railway Station
JrvyFDPx,Tourist Hotel,Tourist Hotel,17.39102496200486,78.49644776539458,TOURIST HOTEL twd Koti
sp6IsDqi,Barkatpura,Barkatpura,17.395687848711685,78.49734529782856,BARKATPURA twd Uppal
2vJVGGV6,Fever Hospital,Fever Hospital,17.395489492629167,78.502201437639,FEVER Hospital twd Shankar matt
nzupSGfm,Tilak Nagar,Tilak Nagar,17.394192756117523,78.50854083924561,TILAKNAGAR twd Uppal
OsSkD3vJ,6 Number,6 Number,17.391741005604583,78.51079389311933,6 NUMBER twd Secunderabad
eM0iCuBF,Syndicate Bank Shivam,Syndicate Bank Shivam,17.398732385244582,78.51256012916566,SYNDICATE BANK twd Secunderabad
YrwNfhtT,Prashanth Nagar-Shivam Road,Prashanth Nagar-Shivam Road,17.40073131552409,78.51343990585153,PRASHANTH NAGAR-SHIVAM twd Vidyanagar
hLdxxGbD,Shivam Ncc Gate,Shivam Ncc Gate,17.405233270921826,78.51533088153433,SHIVAM twd Secunderabad
wDqsOHCO,Vidyanagar,Vidyanagar,17.405003715066933,78.51072453680693,VIDYANAGAR twd Adikmet
EDD7CZaN,Ram Nagar Gundu,Ram Nagar Gundu,17.407518956708184,78.51237241796304,RAMNAGAR GUNDU twd Secunderabad
oMKMbf1F,Ramnagar Mee Seva,Ramnagar Mee Seva,17.409177045720323,78.50878961007007,RAMNAGAR Mee Seva twd Secunderbad
9WnLcplj,Ram Nagar,Ram Nagar,17.41086043677699,78.50725738529584,RAMNAGAR X RD twd Rtc x road
iCEipTv0,Ramnagar,Ramnagar,17.40953311564429,78.50663781166078,RAMNAGAR twd Secunderbad
X8BcAHUa,Vst Bus Stop,Vst Bus Stop,17.404081003430118,78.5037886351347,VST X ROAD twd Secunderabad
GqTmKBDr,Tsrtc Bus Bhavan,Tsrtc Bus Bhavan,17.40566591421969,78.49942937493324,TSRTC Bus Bhavan twd RTC x road
kw1N8NkB,Rtc X Road,Rtc X Road,17.40802785157458,78.49718570251376,RTC X Roads twd Secunderabad
x3XgqbYV,Golconda X Road,Golconda X Road,17.411665,78.497731,GOLCONDA X Road twd Secunderabad
a6xZndzb,Raja Delux,Raja Delux,17.41565751150192,78.49825322223508,RAJA Deluxe twd Secunderabad
LDOgAU0x,Musheerabad Police Station,Musheerabad Police Station,17.420578888133832,78.50048750592288,MUSHEERABAD Police Station twd Secunderabad
ZiAbK1p0,Gandhi Hospital,Gandhi Hospital,17.424084771449582,78.50175888237324,GANDHI Hospital twd Secunderabad
jQvgQPeA,Bhoiguda Bus Stop,Bhoiguda Bus Stop,17.42794790768033,78.50203178822996,BHOIGUDA twd Secunderabad
DCaIPbe6,Chilkalguda,Chilkalguda,17.432993118112314,78.50597798993512,CHILKALGUDA twd Secunderabad
eNdxvjwG,Secunderabad,Secunderabad,17.434570522437138,78.50487893984365,RATHIFILE Bus Station
JmW0moXL,Chilkalguda,Chilkalguda,17.43249405749664,78.50602626800539,CHILKALGUDA twd Koti
DDgeQvKN,Bhoiguda Bus Stop,Bhoiguda Bus Stop,17.428071378633753,78.50220076868148,BHOIGUDA twd Koti
H3BCTb4F,Gandhi Hospital,Gandhi Hospital,17.4241671470292,78.5019711032509,GANDHI Hospital twd Musheerabad
rUaGsUWW,Musheerabad,Musheerabad,17.418755465590685,78.49985450654015,MUSHEERBAD Metro twd Koti
UQzoJQx1,Raja Delux,Raja Delux,17.41502029498781,78.49816202868439,RAJA DELUXE twd Koti
lwL1zY20,Golconda X Road,Golconda X Road,17.410802,78.498045,GOLCONDA X ROAD twd RTC X Road
RsudzIFL,Rtc X Road,Rtc X Road,17.408527292837285,78.49762290716171,RTC X ROADS twd Koti
YnGSuglF,Tsrtc Bus Bhavan,Tsrtc Bus Bhavan,17.4061266043217,78.4986984729767,TSRTC Bus Bhavan twd Vidyanagar
GdpLeJ1G,Vst Bus Stop,Vst Bus Stop,17.40416555532054,78.5044091468442,VST X ROAD twd Dilsuknagar
XmTP4oQr,Ramnagar,Ramnagar,17.40954717987669,78.50658282443116,RAMNAGAR twd Dilsukhnagar
qwiWay9U,Ram Nagar,Ram Nagar,17.41097145823182,78.50723862648012,RAMNAGAR X ROAD  twd Vidyanagar
AOavnxz9,Ramnagar Mee Seva,Ramnagar Mee Seva,17.409564441496986,78.50844294198399,RAMNAGAR Mee Seva twd Dilsukhnagar
tazuGjMO,Ram Nagar Gundu,Ram Nagar Gundu,17.407585448650153,78.51237773895265,RAMNAGAR GUNDU twd Vidyanagar
R7xKlH6Y,Vidyanagar,Vidyanagar,17.4049255253298,78.5122652588441,VIDYANAGAR twd Shivam
lVoiWMnm,Shivam Ncc Gate,Shivam Ncc Gate,17.40374251525729,78.51485073017744,SHIVAM ROAD twd 6 No X Road
x3beGYEW,Prashanth Nagar-Shivam Road,Prashanth Nagar-Shivam Road,17.401005200051014,78.51366512766099,PRASHANTH NAGAR-SHIVAM twd SaroorNagar
g5XKqJft,Syndicate Bank Shivam,Syndicate Bank Shivam,17.3971598530292,78.5121288989435,SYNDICATE BANK twd 6 No X Road
JYcbaciy,6 Number,6 Number,17.391366667968345,78.51098768413068,6 NUMBER twd Uppal
h3dUxOt7,Gol Naka,Gol Naka,17.39058026336288,78.50635080539323,GOLNAKA twd Uppal
aL1OO4GH,Ali Cafe Amberpet,Ali Cafe Amberpet,17.382256143474176,78.51830407790406,ALICAFE twd Dilshuknagar
t67QNigB,Sripuram Colony,Sripuram Colony,17.376192232301335,78.51477561853055,SRIPURAM COLONY twd Dilshuknagar
waBGSFEW,Moosarambhagh,Moosarambhagh,17.370721533171178,78.51500093552596,MUSARAMBAGH twd Dilshuknagar
z4qkq5ED,Kothapet X Road,Kothapet X Road,17.368356464152875,78.53832005925486,KOTHAPET twd Nagole
8ayey0mt,Kothapet X Road,Kothapet X Road,17.368062004757,78.53807865982121,KOTHAPET twd MGBS
qWSDfInu,Amberpet,Amberpet,17.392241,78.516642,AMBERPET twd Uppal
syDcjL17,New Bridge,New Bridge,17.439378,78.525373,NEW BRIDGE twd Secunderabad Rly station
WQ4ePWfA,Telangana High Court,Telangana High Court,17.370175,78.474051,TELANGANA HIGH COURT twd CBS
5Kopb4TD,Afzalgunj,Afzalgunj,17.373,78.477,AFZALGUNJ twd Charminar
P7gQUU8q,Cbs,Cbs,17.3778530498046,78.48192815987304,CBS twd Afzalgunj
FAh6nlSi,Punjagutta,Punjagutta,17.42710471309943,78.45211654901506,PUNJAGUTTA twd Miyapur
Q2roBGmK,Habib Nagar,Habib Nagar,17.47748242,78.42059523,HABIB NAGAR twd Miyapur
YkeBNOUj,Govt Degree College Kukatpally,Govt Degree College Kukatpally,17.48175519,78.41551512,GOVERNMENT Degree College twd Patancheruvu
yUx0geRd,Ramdev Rao Hospital,Ramdev Rao Hospital,17.489894025922165,78.40799689214867,RAMDEV RAO HOSPITAL twd Patancheruvu
8Fs7ywsy,Vasanth Nagar Bus Stop,Vasanth Nagar Bus Stop,17.498712,78.386862,VASANTH NGR BUS STOP twd Patancheruvu
Cp59Yb6X,Deepthi Sri Nagar,Deepthi Sri Nagar,17.494731,78.345525,DEEPTHI SRI NAGAR twd Patancheruvu
Fyjq1kdg,Allwyn,Allwyn,17.524761626125688,78.27171920538208,ALLWYN twd Patancheruvu
SQRaHPms,Patancheruvu,Patancheruvu,17.529541978009505,78.26410711375621,PATANCHERUVU twd Koti
5N6sI7Xj,Vivekananda Nagar Clny,Vivekananda Nagar Clny,17.486536,78.410808,VIVEKANANDNAGAR Colony  twd Koti
JMkWVQta,Punjagutta,Punjagutta,17.42642205664003,78.45273748126836,PUNJAGUTTA twd Koti
8ZLe57qP,Nampally Public Garden,Nampally Public Garden,17.3962160722698,78.4712742269039,PUBLIC GARDEN twd Gandhi Bavan
UzylZZpu,Gandhibavan,Gandhibavan,17.387777485332467,78.47198362566654,GANDHI Bhavan twd Afzalgunj
vgeabyCD,Osmangunj,Osmangunj,17.3805594457203,78.4752623230739,OSMANGUNJ twd Afzalgunj
7uS0TD0D,Afzalgunj,Afzalgunj,17.3738,78.478,AFZALGANJ CENTRAL LIBRARY twd CBS
OkZJgFnt,Cbs,Cbs,17.378225485539648,78.48167891152019,CBS
Q2gnLU7r,Cbcid Colony-Hydernagar,Cbcid Colony-Hydernagar,17.4989268162069,78.38025212287903,CBCID Colony twd Uppal
NwqcEy3z,Vasanth Nagar Bus Stop,Vasanth Nagar Bus Stop,17.49923794,78.3858737,VASANTH Nagar Bus Stop twd Koti
8F84QUv0,Remedy Hospital-Kuktplly,Remedy Hospital-Kuktplly,17.494976,78.398581,REMEDY HOSPITAL twd Miyapur
XmHNScZT,Habib Nagar,Habib Nagar,17.47799857,78.42047118,HABIB NAGAR twd JBS
27zhjgdJ,Nizam College,Nizam College,17.3974506871114,78.4754535458593,NIZAM College twd Afzal Gunj
JdUrmkif,Nalgonda X Roads,Nalgonda X Roads,17.375289,78.498622,NALGONDA X ROAD twd Dilshuknagar
JCZL3DCn,Old Malakpet,Old Malakpet,17.37334812132625,78.50423722183466,MALAKPET twd Dilsuknagar
UQ45gtbS,Moosarambhagh,Moosarambhagh,17.369514840774187,78.51676137047211,MOOSARAMBAGH twd Dilshuknagar
V75SK5uQ,Ngos Colony Bus Stop,Ngos Colony Bus Stop,17.32491204756872,78.56649398845335,NGOS Colony Bus Stop
HMwRapuL,Govt Hospital-Bn Reddy Nagar,Govt Hospital-Bn Reddy Nagar,17.32936219303593,78.56585159897807,GOVT HOSPITAL twd Panama
hMMnmHh4,Red Tank,Red Tank,17.329159976371727,78.56900453439397,RED TANK twd LB Nagar
vrnYxHIG,Banjara Hills Kaman,Banjara Hills Kaman,17.40828835679363,78.43872958694126,BANJARA Hills Kaman twd Kondapur
AGb9Nb0A,Vengal Rao Building Road No-12,Vengal Rao Building Road No-12,17.412,78.432,VENGALRAO Building twd Kondapur
f5ucfi9s,Mla Colony,Mla Colony,17.414103,78.424086,MLA COLONY twd Kondapur
EDUC3plA,Apollo Hospital-Jublie Hills,Apollo Hospital-Jublie Hills,17.41858264313416,78.41278198974994,APOLLO Hospital twd Kondapur
sHz79x1Y,Journalist Colony,Journalist Colony,17.42135706183527,78.41065225606238,JOURNALIST Colony twd Jublee Check Post
py4aHdMg,Road No 45,Road No 45,17.424704244375192,78.40919136999675,ROAD NO.45 twd Ambedkar university
zHKneATL,Peddamma Temple,Peddamma Temple,17.427571181131746,78.40541203530215,PEDDAMMA TEMPLE twd Ambedkar University
TJW89ejx,Ambedkar Open University,Ambedkar Open University,17.43422487736757,78.3963711479346,DR BR AMBEDKAR UNIVERSITY twd Madhapur
VpkEjYQG,Cable Bridge,Cable Bridge,17.435749097719064,78.39440345764162,CABLE Bridge twd Madhapur
YfdCrVG1,Madhapur Police Station,Madhapur Police Station,17.439457006975644,78.39601546650421,MADHAPUR PS twd Shilparamam
dfVfHiYS,Madhapur Petrol Pump,Madhapur Petrol Pump,17.441157642770374,78.38953256607057,MADHAPUR PETROL PUMP twd Image hospital
wvP3Epey,Image Hospital,Image Hospital,17.44635826786167,78.38500500963214,IMAGE HOSPITAL twd Kondapur
UqKAXjCm,Hitech City (Cyber Towers),Hitech City (Cyber Towers),17.4508,78.3817,HITECH CITY twd Kondapur
LRe7WRO9,Shilparamam,Shilparamam,17.45383621561363,78.37897940910047,SHILPARAMAM twd Kondapur
MfWzlWid,Hitex,Hitex,17.455461305725972,78.377545773983,HITEX twd Kondapur
GTXNIgnf,Jayabheri,Jayabheri,17.458138706147768,78.37000608444217,JAYABHERI twd Kondapur
GGNgPrOC,Kothaguda X Roads,Kothaguda X Roads,17.459356644845546,78.36604171514897,KOTHAGUDA X RD twd Kondapur
5yqYXf1E,Kondapur,Kondapur,17.465164655953025,78.36369752883913,KONDAPUR Terminal
Iki5lvGg,Kondapur,Kondapur,17.463916132468114,78.36725413799287,KONDAPUR twd Koti
ICTzJR7V,Kothaguda-Kondapur,Kothaguda-Kondapur,17.45862998131373,78.368176817894,KOTHAGUDA X ROAD  twd Koti
yIv2OeeO,Jayabheri,Jayabheri,17.458260258877786,78.37007883920154,JAYABHERI twd Koti
aXaG6whU,Hitex,Hitex,17.455114983912377,78.37811172521941,HITEX twd Koti
DeXR37jX,Hitech City (Cyber Towers),Hitech City (Cyber Towers),17.449950838909988,78.38257357983787,HITECH CITY twd Koti
NoZXEJpV,Image Hospital,Image Hospital,17.44395045305339,78.38722054563779,IMAGE HOSPITAL twd Koti
ZWRRdBlS,Madhapur Petrol Pump,Madhapur Petrol Pump,17.44141997386607,78.38989223005285,MADHAPUR Petrol Pump twd Koti
WAUCrxs7,Madhapur Police Station,Madhapur Police Station,17.438993871743982,78.39703739700711,MADHAPUR PS twd Koti
blCozfco,Cable Bridge,Cable Bridge,17.43563650295777,78.39453756809237,CABLE Bridge twd Ambedkar university
VWi0fX4e,Ambedkar Open University,Ambedkar Open University,17.434449081110078,78.39658145648214,DR BR AMBEDKAR UNIVERSITY twd Panjagutta
widmsCfp,Peddamma Temple,Peddamma Temple,17.427806596983867,78.40561589897946,PEDDAMMA TEMPLE twd Punjagutta
psb3CiV9,Road No 45,Road No 45,17.424878264855906,78.40943455696107,ROAD NO.45 twd Panjagutta
zZiA1d01,Journalist Colony,Journalist Colony,17.420993470731677,78.41128798306407,JOURNALIST Colony twd Film Nagar
smY2COrl,Apollo Hospital-Jublie Hills,Apollo Hospital-Jublie Hills,17.418275683166808,78.41346856577707,APOLLO Hospital twd Koti
zzgotOlz,Mla Colony,Mla Colony,17.414393,78.424366,MLA COLONY twd Punjagutta
zKZkeMs6,Vengal Rao Building Road No-12,Vengal Rao Building Road No-12,17.4120950483391,78.43205898657887,VENGALRAO Building twd Koti
Cbj5tbV5,Banjara Hills Kaman,Banjara Hills Kaman,17.409517056636123,78.4380161733233,BANJARA Hills Kaman twd Koti
pBAvhULW,Engine Bowli,Engine Bowli,17.335,78.469,ENGINE BOWLI twd Falaknama
k2YQHYFX,Falaknuma Railway Bridge,Falaknuma Railway Bridge,17.32804743173408,78.47433596660836,FALAKNUMA RLY BRIDGE twd Chandrayangutta
EZfYLnK0,Chandrayangutta,Chandrayangutta,17.326966847396267,78.47596272861315,CHANDRAYANGUTTA
G1fOvABq,Aliabad,Aliabad,17.347586514260335,78.47061306657456,ALIABAD twd Afzalgunj
YbD0Y8F3,Syed Ali Chabutra,Syed Ali Chabutra,17.347878499755325,78.47091884432233,SAYADHALI CHEBUTRAn twd Secunderabad
ooQLRJfM,Laldarwaza,Laldarwaza,17.351185,78.472519,LALDARWAZA twd Afzalgunj
IBt2GB6e,Lb Stadium,Lb Stadium,17.39869208,78.47431552,LB STADIUM twd Tank bund
hWGPbcMs,Basheer Bagh,Basheer Bagh,17.401842141557793,78.4757736325264,BASHEER BAGH twd Tankbund
owb0V3v4,Liberty,Liberty,17.40733719,78.47665574,LIBERTY twd Secunderabad
ujD3cAVQ,Boats Club,Boats Club,17.428673421485023,78.48874748041929,BOATS Club twd Secunderabad
stmCFGt3,Liberty,Liberty,17.406020389762293,78.47709730267526,LIBERTY twd Afzalgunj
sb6fKoWH,Basheer Bagh,Basheer Bagh,17.401598926473362,78.47589165052241,BASHEER Bagh twd Charminar
74a7Y5zO,Abids Gpo,Abids Gpo,17.387308905246528,78.47624838951177,ABIDS GPO twd Afzalgunj
Ij8M0H6H,Afzalgunj,Afzalgunj,17.37330715166882,78.47693240773341,AFZALGUNJ twd Charminar
8ACyyVNb,Darul Shifa,Darul Shifa,17.37326863565872,78.4829860900961,DARUL Shifa twd Charminar
gERyNnm3,Purani Haveli,Purani Haveli,17.367562,78.481414,PURANI Haveli twd Charminar
mM9oPo3P,Mir Chowk Police Statiom,Mir Chowk Police Statiom,17.3639334556944,78.4804517403245,MIR CHOWK POLICE STATION twd Falaknama
RFmZiqQA,Bibi Bazar,Bibi Bazar,17.358600249990594,78.47933025665446,BIBI BAZAR twd Charminar
gSARuvgj,Shahalibanda,Shahalibanda,17.354688620738173,78.47328719175977,SHALIBANDA twd Chandrayangutta
kCfLiJWN,Laldarwaza,Laldarwaza,17.351204,78.472682,LALDARWAZA twd Chandryangutta
75cs74mw,Aliabad,Aliabad,17.347453685490912,78.47057284541876,ALIABAD twd Chandryangutta
5bo1bbrm,Rethibowli,Rethibowli,17.394408,78.43122,RETHIBOWLI twd Uppal
LeH2BEeI,Gudi Malkapur X Roads,Gudi Malkapur X Roads,17.38727328328893,78.42977377847339,GUDIMALKAPUR X Road twd Aramghar
N5qUm2ju,Jyothi Nagar,Jyothi Nagar,17.382697788154786,78.42958463140629,JYOTHI Nagar twd Upl
UnXhYFnH,Attapur,Attapur,17.370238,78.42947,ATTAPUR twd twd Uppal
DsuY79Ab,Hyderguda X Road,Hyderguda X Road,17.363851535878503,78.4283008815172,HYDERGUDA twd Aramghar
fZp54Q46,Upperpally,Upperpally,17.3556778255234,78.4223488723185,UPPERPALLY X Road twd Shamshabad
6xxROlUL,Aramghar X Roads,Aramghar X Roads,17.321538419417156,78.43245572451137,ARAMGHAR twd Chandrayangutta
EhWvEilH,Durga Nagar,Durga Nagar,17.314632558937895,78.44482093957947,DURGANAGAR X Road twd Uppal
IErfLDms,Mailardevpally,Mailardevpally,17.316298905629687,78.44968915420817,MAILARDEVPALLY twd Uppal
qCwK5b48,Palle Cheruvu,Palle Cheruvu,17.315775952591306,78.45598697922499,PALLE CHERUVU twd Lb Nagar
SA0QTWBz,Bandlaguda,Bandlaguda,17.316728512170705,78.4662330310163,BANDLAGUDA twd Lb Nagar
5VXNBKMa,Hashamaba,Hashamaba,17.3222416985113,78.4684330382144,HASHAMABAD twd LB Nagar
cu6mRmR3,Chandrayangutta,Chandrayangutta,17.326837842961645,78.47647119928365,CHANDRAYANGUTTA twd Uppal
TzhOElvd,Dlrl,Dlrl,17.3290290715121,78.4825707895458,DLRL twd Uppal
jMbdev6Y,Phool Bagh,Phool Bagh,17.330196823765903,78.48577022760603,PHOOLBAGH twd Koti
VeCqKQnI,Hafiz Baba Nagar Hyd Bus Stop,Hafiz Baba Nagar Hyd Bus Stop,17.331978648031413,78.49034608211676,HAFIZ Baba Nagar twd Upl
cJeCRNPE,Drdl Gate Bus Stop,Drdl Gate Bus Stop,17.336944,78.496292,DRDL Gate twd Karmanghat
f251qAmF,Pisal Banda,Pisal Banda,17.3408743479249,78.5025040642768,PISALBANDA twd Uppal
t6jFs2vZ,Owaisi Hospital,Owaisi Hospital,17.34353632034257,78.50671813138709,OWAISI Hospital twd Uppal
xgj1wjWO,Champapet,Champapet,17.342417511196526,78.51589344427451,CHAMPAPET X Road twd Uppal
N2jyRLqT,Manda Mallama X Road,Manda Mallama X Road,17.3397375894995,78.52422050758308,MANDA MALLAMMA twd Uppal
sdwKwL7H,Gayatri Nagar X Road,Gayatri Nagar X Road,17.337745,78.531394,GAYATRI Nagar X Road twd Uppal
rCbqbiB4,Tkr Kaman,Tkr Kaman,17.3377092436284,78.53618484715689,TKR Kaman twd Uppal
ixaQ8kQB,Sagar X Road,Sagar X Road,17.342962859053923,78.54714722076598,SAGAR RING ROAD twd Uppal
hRpx46aJ,Uppal X Road,Uppal X Road,17.401261161081226,78.56007411298083,UPPAL X ROAD twd Secunderabad
4veeZf8l,Lb Nagar,Lb Nagar,17.345932737778206,78.55058848857881,LB Nagar twd IBP Dist Bus Stop
bL2YDx7l,Sagar X Road,Sagar X Road,17.34152301052674,78.54617826279625,SAGAR Ring Road twd Mehdipatnam
Ec33x1z9,Tkr Kaman,Tkr Kaman,17.33746810967469,78.53614009844824,TKR Kaman twd Mehdipatnam
JSxAzCo9,Gayatri Nagar X Road,Gayatri Nagar X Road,17.337499,78.531372,GAYATRI NAGAR X ROAD twd Mehdipatnam
wITcyOuZ,Manda Mallama X Road,Manda Mallama X Road,17.3396787022642,78.5235848240254,MANDA Mallamma twd Mehdipatnam
vBctYwrb,Champapet,Champapet,17.3422335753195,78.5155184187164,CHAMPAPET X Road twd Mehdipatnam
DmBjyR5X,Owaisi Hospital,Owaisi Hospital,17.34336101721788,78.5068846194131,OWAISI HOSPITAL twd Midhani
wxwf67W2,Midhani Bus Stop,Midhani Bus Stop,17.33995386996398,78.50379250947658,PISAL BANDA
IW2PYgMJ,Drdl Gate Bus Stop,Drdl Gate Bus Stop,17.33687699268252,78.49671766213868,DRDL Gate twd Hyderabad
0JAlzxpT,Hafiz Baba Nagar Hyd Bus Stop,Hafiz Baba Nagar Hyd Bus Stop,17.331896841146534,78.49041581767807,HAFIZ Baba Nagar twd Mehdipatnam
z5xmnEt6,Phool Bagh,Phool Bagh,17.330124560047942,78.48596337683179,PHOOLBAGH twd Mehdipatnam
XCkw4Nyw,Dlrl,Dlrl,17.32871884322,78.48272631526652,DLRL twd Mehdipatnam
XFtDDMjz,Chandrayangutta,Chandrayangutta,17.326594727260122,78.47650155065935,CHANDRAYANGUTTA twd Mehdipatnam
QQCGeB8G,Hashamaba,Hashamaba,17.3221181066863,78.46867650112489,HASHAMABAD twd Aramghar
CCbehcS7,Bandlaguda,Bandlaguda,17.316688758155205,78.46638858214433,BANDLAGUDA twd Aramghar
It0A5Z2C,Palle Cheruvu,Palle Cheruvu,17.315601828423915,78.45598697667556,PALLE CHERUVUtwd Aramghar
kD4VEJOZ,Mailardevpally,Mailardevpally,17.316097270810392,78.44940753362413,MAILARDEVPALLY twd Mehdipatnam
Pxmg1yJe,Durga Nagar,Durga Nagar,17.314699,78.443284,DURGANAGAR X Road twd Mehdipatnam
fsmqVQlp,Aramghar X Roads,Aramghar X Roads,17.32192393667301,78.43133613755046,ARAMGHAR twd Mehdipatnam
75l9xhCY,Shivarampally X Road,Shivarampally X Road,17.32705585568292,78.42534106232553,Aramghar twd mehadipatnam
GURjyKYg,Ws Colony,Ws Colony,17.332648837164182,78.42663623318683,WEAKER SECTION twd Mehdipatnam
3awNd1Nt,Dairy Farm,Dairy Farm,17.345952260049163,78.4157317129813,DAIRY Farm Upperpally twd Mehdipatnam
VRr55gta,Upperpally,Upperpally,17.356011771962,78.422264961366,UPPERPALLY X Road twd Mehdipatnam
N3JEm38W,Hyderguda X Road,Hyderguda X Road,17.36384063570592,78.4280893110761,HYDERGUDA twd Mehdipatnam
8M15jHYl,Attapur,Attapur,17.37022384972442,78.42919841408731,ATTAPUR twd Mehdipatnam
pDqOfr7l,Jyothi Nagar,Jyothi Nagar,17.3826904206909,78.4293640526899,JYOTHI Nagar twd Mp
mJ8ZuY6u,Gudi Malkapur X Roads,Gudi Malkapur X Roads,17.38815635753059,78.42959406341002,GUDIMALKAPUR X Road twd Mehdipatnam
I78eTakJ,Rethibowli,Rethibowli,17.395705935116727,78.43107462758023,RETHIBOWLI RING ROAD P&T COLONY twd Gachibowli
yH2yDVEE,Uppal X Road,Uppal X Road,17.402008609741326,78.55898384353196,UPPAL X Road twd Uppal
cmpj8N4O,Shivarampally X Road,Shivarampally X Road,17.328,78.435,SHIVARAMPALLY twd Hyderabad
9DCzryFF,Budvel,Budvel,17.333259172659325,78.40973496437074,BUDVEL twd RajendraNagar
eRLCw0uQ,Rajendranagar,Rajendranagar,17.321895746130043,78.40210138817937,RAJENDRA Nagar twd Himayatsagar
Swrd4aGR,Walanthari,Walanthari,17.322689518320953,78.38193118475793,WALANTHARI twd Appa
TTRoWOhD,Himayath Sagar,Himayath Sagar,17.325,78.374,HIMAYAT SAGAR twd Appa
YzXpLExW,Himayath Sagar,Himayath Sagar,17.339066095816307,78.36212041475459,HIMAYATH SAGAR twd Appa
dkc5ID9D,Nanakramguda,Nanakramguda,17.4194963486706,78.35486364598817,NANAKRAMGUDA twd Gachibowli
uQzCHgss,Gachibowli,Gachibowli,17.438216557066472,78.36350976588349,GACHIBOWLI ORR twd RGIA
g0u0kkLC,Engine Bowli,Engine Bowli,17.336612025624447,78.46490800422355,ENGINEBOWLY twd vattepally
Zys2ENKp,Vattepally,Vattepally,17.32829192056676,78.45689356327058,VATTEPALLY
QoNYX8Sl,Nice Hotel,Nice Hotel,17.329459921624395,78.45893662028932,NICE HOTEL twd Vattepally
aRmSZ2LE,Engine Bowli,Engine Bowli,17.33663375560675,78.46480072322562,ENGINEBOWLY twd Charminar
pF5CouKp,Falaknuma Govt Junior College,Falaknuma Govt Junior College,17.336699215485776,78.4745622894956,FALAKNUMA Govt Jr College
lNAmUGoE,Rajanna Bavi,Rajanna Bavi,17.339611460750714,78.47308874095178,RAJANNA BAVI twd Secunderabad
vQVCpqNd,Pool Bagh,Pool Bagh,17.342230718451862,78.47412407906742,POOLBAGH CHAMAN twd Laldarwaza
4VYDN7mJ,Laldarwaza,Laldarwaza,17.346654720587196,78.47533106803895,LALDARWAZA Temple twd Secunderabad
kB9s4Jmz,Badangpet,Badangpet,17.307128385203526,78.52540925145149,BADANGPET twd Nadergul
hZBKVjsb,Anjaneya Tower,Anjaneya Tower,17.29806175989218,78.53203833103181,ANJANEYA Tower twd Nadergul
0z8BG6dd,Rajivgruhakalpa Bus Stop,Rajivgruhakalpa Bus Stop,17.2976391,78.5388755,RAJIVGRUHAKALPA
M7DW5Tpp,Ysr Colony-Badangpet,Ysr Colony-Badangpet,17.308147832611184,78.53403698001169,YSR COLONY twd Almasguda
TslzbBQw,Almasguda,Almasguda,17.309065596571767,78.53316083550455,ALMASGUDA twd meerpet
ppL4QGQP,Almasguda,Almasguda,17.310589231622146,78.53144824504854,ALMASGUDA Pg College twd Koti
D9obVsYG,Prashanti Hills,Prashanti Hills,17.316646516315,78.5328295826912,PRASHANTI Hills twd Koti
92KqGdsB,Meerpet Swimming Pool,Meerpet Swimming Pool,17.319,78.53,MEERPET Swimming Pool twd Koti
vwCf7rKq,Meerpet X Road,Meerpet X Road,17.322919967852734,78.52780580520631,MEERPET X Road twd Koti
B9APHEc9,Lalitha Nagar X Road,Lalitha Nagar X Road,17.328,78.526,LALITHA Nagar X Road twd Koti
V9ncTDpC,Jillelguda,Jillelguda,17.330971436906893,78.52613613009454,JILLELGUDA twd Koti
YZekmFx4,Vijaya Durga Colony,Vijaya Durga Colony,17.33498103666882,78.526129424572,VIJAYA Durga Colony twd Koti
GHs498kd,Champapet Gandhi Statue,Champapet Gandhi Statue,17.34398181415885,78.51527461051433,CHAMPAPET Gandhi Statue twd Koti
TLBNahRH,Champapet,Champapet,17.348647,78.515104,CHAMPAPET twd IS Sadan
IpF2dQbE,Is Sadan,Is Sadan,17.35287275653181,78.50644268209874,IS SADAN twd Koti
OzFQNaP8,Saidabad,Saidabad,17.359475849958468,78.50470663437397,SAIDABAD twd MGBS
eY4zmGfJ,Government Press,Government Press,17.367428367617336,78.50163817433152,GOVERNMENT PRINTING PRESS twd Koti
MjoFz8zE,Malakpet Government Hospital Twd Koti,Malakpet Government Hospital Twd Koti,17.37210919790516,78.4995460510254,MALAKPET Government Hospital twd Koti
xtzkxEUT,Malakpet Sohail Hotel Twd Is Sadan,Malakpet Sohail Hotel Twd Is Sadan,17.372505976109327,78.49951386451723,MALAKPET Sohail Hotel twd Is Sadan
7oIAeAfF,Government Press,Government Press,17.367,78.502,GOVT PRESS  twd Is Sadan
WRsBNOCI,Saidabad,Saidabad,17.359332482456132,78.5048299879303,SAIDABAD twd Is Sadan
vGnPbg9e,Madannapet,Madannapet,17.357750372602677,78.5053503397802,MADANAPET twd IS Sadan
4A3CZW2t,Is Sadan,Is Sadan,17.351816030981983,78.50786353084057,IS SADAN twd Ibrahimpatnam
DSO5i9r7,Champapet,Champapet,17.348344456478454,78.51519405841829,CHAMPAPET twd Meerpet
X8rP02Ro,Champapet Gandhi Statue,Champapet Gandhi Statue,17.34404840046499,78.51538449525835,CHAMPAPET Gandhi Statue twd Almasguda
a3Ae6WDL,Manda Mallama X Rds,Manda Mallama X Rds,17.33951157417344,78.52383479475976,MANDAMALLAM twd Meerpet
VVuX0LgA,Vijaya Durga Colony,Vijaya Durga Colony,17.33503608484284,78.52611064910889,VIJAYA Durga Colony twd Almasguda
wLNmT0QU,Jillelguda,Jillelguda,17.330980398434406,78.52611869573595,JILLELGUDA twd Almasguda
iJmimelJ,Lalitha Nagar X Road,Lalitha Nagar X Road,17.328,78.526,LALITHA Nagar X Road twd Almasguda
TNvCkTcg,Meerpet X Road,Meerpet X Road,17.322937891693087,78.52786749601364,MEERPET X Road twd Almasguda
t1fX3E3u,Meerpet Swimming Pool,Meerpet Swimming Pool,17.319755102340114,78.52959215641022,MEERPET Swimming Pool twd Almasguda
Zb9gKbSu,Prashanti Hills,Prashanti Hills,17.316485196165022,78.53283226490022,PRASHANTI HILLS twd Almasguda
luW1T9nr,Almasguda,Almasguda,17.309955427918624,78.53149387200695,ALMASGUDA Pg College twd Almasguda
fft1QFpt,Almasguda,Almasguda,17.30905279286237,78.53320375084878,ALMASGUDA twd Rageevgruhakalpa
sdB2PJWH,Ysr Colony-Badangpet,Ysr Colony-Badangpet,17.308214408487217,78.53403429329065,YSR COLONY twd Rajivgruhakalpa
MkmJffCr,Sagar X Road,Sagar X Road,17.340736,78.548133,SAGAR Ring Road twd Devarkonda
MNGipNAN,Hastinapur,Hastinapur,17.32890508244439,78.5546265599295,HASTINAPUR twd Ibrahimpatnam
v7PTHC52,Bn Reddy Nagar,Bn Reddy Nagar,17.319952245526586,78.56061461635161,BN Reddy twd Ibrahimpatnam
GN2hoK0u,Gurram Guda X Road,Gurram Guda X Road,17.30458041748832,78.57089281673369,GURRAMGUDA X Road twd Ibrahimpatnam
LGG5JFs6,Injapur X Roads,Injapur X Roads,17.2987555934125,78.5829569477913,INJAPUR twd Ibrahimpatnam
Z6QHCsDT,Turkayamjal,Turkayamjal,17.272836612960912,78.5890915989876,TURKYAMJAL twd Ibrahimpatnam
jKR8nPF7,Ragannaguda,Ragannaguda,17.26204309000403,78.58610630035402,RAGANNAGUDA twd Ibrahimpatnam
KVmOms9E,Manneguda X Road,Manneguda X Road,17.2552163618687,78.5857859549052,MANNEGUDA X ROAD twd Ibrahimpatnam
cdasbxjl,Bongloor X Road,Bongloor X Road,17.231374,78.58928,BONGLOOR X ROAD twd Devarkonda
tb7RUzaa,Koheda X Road,Koheda X Road,17.219736826463507,78.60009683461507,KOHEDA X ROAD twd Ibrahimpatnam
A1q2izKE,Mangalpally X Road,Mangalpally X Road,17.2150013751192,78.6053006915175,MANGALPALLY X Road twd Ibrahimpatnam
DHA8B4mY,Sheriguda -Ibp,Sheriguda -Ibp,17.208482,78.61978,SHERIGUDA
Nm7fwnQL,Uppariguda X Road,Uppariguda X Road,17.2052610691642,78.6199453264384,UPPARIGUDA X Road twd Ibrahimpatnam
XwupUlwk,Ibrahimpatnam,Ibrahimpatnam,17.1914372027429,78.6476646736264,IBRAHIMPATNAM Bus Station
xOawOv0d,Khanapur X Road,Khanapur X Road,17.175229699047627,78.65458846490243,KANAPUR X Road twd Ibrahimpatnam
LGaCmjm6,Gnit,Gnit,17.16263163687153,78.66054027977022,GURUNANAK INSTITUE OF TECHNOLOGY twd Mall
Vy4phlJE,Gnit,Gnit,17.161952466495475,78.66083265315504,GURUNANAK INSTITUE OF TECHNOLOGY twd Ibrahimpatnam
t8yMVHEy,Uppariguda X Road,Uppariguda X Road,17.2052412122423,78.6196844816119,UPPARIGUDA X ROAD  twd MGBS
V5RBnbfT,Sheriguda -Ibp,Sheriguda -Ibp,17.208683,78.619542,SHERIGUDA twd Hyderabad
y1F1cZC3,Mangalpally X Road,Mangalpally X Road,17.214889547059556,78.605139269899,MANGALPALLY X Road twd MGBS
b9waiyQ0,Koheda X Road,Koheda X Road,17.21984068995129,78.5994325357924,KOHEDA X Road twd Mgbs
X8CaE3i1,Bongloor X Road,Bongloor X Road,17.231567,78.588984,BONGLOOR X ROAD twd Hyderabad
1s7LOTOC,Manneguda X Road,Manneguda X Road,17.2552528631065,78.5856411156192,MANNEGUDA X Road twd Yamjal
lNLj4zN4,Ragannaguda,Ragannaguda,17.262394000903527,78.58596682548524,RAGANNAGUDA twd JBS
ZGt2Dmoa,Brahmanapally X Roads,Brahmanapally X Roads,17.266848306704667,78.58890787723841,BRAHMANPALLY X ROAD twd Hyderabad
pxpLADcq,Turkayamjal,Turkayamjal,17.273584378472464,78.58874559402467,TURKYAMJAL twd MGBS
gt0N9y5A,Injapur X Roads,Injapur X Roads,17.298892336755,78.5824224037872,INJAPUR  twd MGBS
A4Xl5Xo2,Gurram Guda X Road,Gurram Guda X Road,17.30452405811987,78.57042068427783,GURRAMGUDA X ROAD twd LB Nagar
0GqsyDdN,Sagar Complex,Sagar Complex,17.312109012995656,78.5637152194977,SAGAR COMPLEX twd Bn Reddy
MMOWOPw6,Bn Reddy Nagar,Bn Reddy Nagar,17.320458,78.56039,BN REDDY twd Hyderabad
GG8fV7fI,Hastinapur,Hastinapur,17.32947233767887,78.55371058765128,HASTINAPURAM twd MGBS
BCXkbzEn,Chadarghat Rose Bakery,Chadarghat Rose Bakery,17.377272367082867,78.49122583866122,CHADARGHAT Rose Bakery twd MGBS
XFG29jWC,Mgbs Exit,Mgbs Exit,17.37693170687969,78.48638709623634,MGBS EXIT twd Afzalgunj
ljBZ4Tf2,Darushifa,Darushifa,17.373673828320236,78.48325973929376,DARUL SHIFA twd Koti
mWeMEay9,Mgbs Exit,Mgbs Exit,17.37695218135198,78.48626639054203,MGBS EXIT twd Chadarghat
bf8FVrxy,Brahmanapally X Roads,Brahmanapally X Roads,17.266758613752884,78.5890191819891,BRAHMANPALLY X ROAD twd Ibrahimpatnam
vGbfDTyv,Pc Tanda,Pc Tanda,17.53711754085447,78.24303030919492,PC Tanda twd Koti
8NDo3n3K,Icrisat,Icrisat,17.5183441688588,78.27943873203023,ICRISAT twd Lingampally
KdJtfeXu,Lingampally,Lingampally,17.49408424089343,78.31582009938737,BHEL-LINGAMPALLY
mswkY15F,Lal Dhaba,Lal Dhaba,17.342238935194214,78.42247009277344,LAL DHABA twd Aramghar
qdFHvg0o,Lal Dhaba,Lal Dhaba,17.3417831795729,78.42285733374389,LAL DHABA twd Mehdipatnam
PdmKiXUy,Toli Chowki,Toli Chowki,17.398742553082403,78.41560900211336,TOLICHOWKI twd Shaikepet
io15C5gx,Brindhavan Colony,Brindhavan Colony,17.4028012915132,78.4101634472608,BRINDAVAN COLONY twd Gachibowli
i4AV9TdE,Shaikpet Nala,Shaikpet Nala,17.407302,78.401751,SHAIKPETNALA twd Lingampally
R1CATqti,Darga,Darga,17.413264,78.394529,DARGA twd Lingampally
NEVC6NLz,Khajaguda X Rd,Khajaguda X Rd,17.42308310993408,78.38123650432271,KHAJAGUDA X Road twd Lingampally
yf59S2JP,Bio Diversity,Bio Diversity,17.429031,78.374323,BIODIVERSITY twd Lingampally
c2zOpk6c,Telecom Nagar Hyd,Telecom Nagar Hyd,17.435076,78.367627,TELECOM Nagar twd Lingampally
n7vlkWjQ,Gachibowli,Gachibowli,17.43903478696671,78.36295187473299,GACHIBOWLI X Road twd Lingampally
nghxlyD8,Iiit,Iiit,17.4455058735302,78.3520651236176,IIIT twd Lingampally
bdSrRqNp,Gachibowli Stadium,Gachibowli Stadium,17.450753,78.346141,GACHIBWOLI Stadium twd Lingampally
zRXwmnh5,Hcu Small Gate,Hcu Small Gate,17.45687,78.339608,HCU SMALL GATE twd Lingampally
AjpbhKZY,Masjid Banda,Masjid Banda,17.46019083942107,78.33719198785839,MASJID Banda twd Lingampally
RF3jCHQo,Hcu Main Gate,Hcu Main Gate,17.461536456523714,78.33590981373595,HCU MAIN GATE twd Lingampally
MJtIyjPz,Hcu Main Gate,Hcu Main Gate,17.468116,78.331202,HCU Depot Gate twd Lingampally
GwprEEDE,Alind,Alind,17.476682920198478,78.32460165023805,ALIND DOYENE COLONY twd Lingampally
pNXDxvVH,Lingampally Railway Station,Lingampally Railway Station,17.479735485076358,78.31521395970803,LINGAMPALLYRLY Station twd Lingampally
7MdXjeIa,Pc Tanda,Pc Tanda,17.53705168527806,78.24282765731111,PC Tanda twd Isnapur
0l2E0UAI,Muthangi,Muthangi,17.5424509031418,78.2266309484839,MUTHANGI twd Sangareddy
UpGoAMox,Isnapur,Isnapur,17.547367892039865,78.21183085441591,ISNAPUR  twd Sangareddy
QOgAri1N,Lakdaram-Patancheru,Lakdaram-Patancheru,17.55509268,78.18896804,LAKDARAM Road twd Zaheerabad
gpemP4F7,Rudraram,Rudraram,17.56365648862838,78.16660877009328,RUDRARAM twd Sangareddy
qIAhjJzi,Shivarampally X Road,Shivarampally X Road,17.327,78.435,SHIVARAMPALLY twd Aramgarh
16GQJz2H,Kachiguda Kamela,Kachiguda Kamela,17.388067957367774,78.50300610060256,KACHIGUDA KAMELA twd Uppal
HffUPsTS,Zinda Tilismath,Zinda Tilismath,17.38763154398469,78.5111425817013,ZINDA TILISMATH twd uppl
1PfDELSJ,Amberpet Gandhi Statue,Amberpet Gandhi Statue,17.392702136489785,78.51982356697016,AMBERPET Gandhi Statue twd Uppal
LNPGO1LK,Irani Hotel Amberpet,Irani Hotel Amberpet,17.393521009999947,78.52220000205224,IRANI Hotel twd Uppal
B2PQUqws,Ramanthapur Tv Studio,Ramanthapur Tv Studio,17.396713,78.52988,RAMANTHAPUR TV STUDIO twd Uppal
rOjObtmd,Ramanthapur,Ramanthapur,17.397903,78.532729,RAMANTHAPUR Colony twd Uppal
ETS5vL8h,Ramanthapur Public School,Ramanthapur Public School,17.399195655009358,78.53623867034912,RAMANTHAPUR  PUBLIC SCHOOL twd Uppal
aJjYwWrD,Ramanthapur Church,Ramanthapur Church,17.401107,78.54349,RAMANTHAPUR CHURCH twd Uppal
GBqGFBMX,Modern Bakery,Modern Bakery,17.40132001378291,78.55001181364061,MODERN Bakery twd Uppal
qVTY9k3k,Uppal X Roads,Uppal X Roads,17.40158108,78.56194295,UPPAL X Road twd Ghatkesar
PjtVmWLt,Uppal Gandhi Statue,Uppal Gandhi Statue,17.40152285209532,78.56604605913164,UPPAL GANDHI STATUE twd Uppal
Mnr10S9i,Uppal Bus Stop,Uppal Bus Stop,17.40165529289952,78.56875908447208,UPPAL Bus Station
DARZcGbD,Peerzadiguda Kaman,Peerzadiguda Kaman,17.40136096503484,78.58157336711885,PEERZADIGUDA Khaman twd Uppal Depot
9mRire0L,Boduppal,Boduppal,17.4047458102347,78.5865203663706,BODUPPAL Kamman twd Indiranagar
0OVOfgxG,Sunny Bakery-Boduppl,Sunny Bakery-Boduppl,17.415033083324033,78.58509781947332,SUNNY BAKERY twd Boduppal colony
uGaH1vRM,Ambedkar Statue Boduppal,Ambedkar Statue Boduppal,17.418388158198002,78.58440577158609,AMBEDKAR STATUE twd Boduppal colony
qJRR3arp,Indra Nagar-Boduppal,Indra Nagar-Boduppal,17.421963303983397,78.58040928923164,INDIRA NAGAR
Nc1cRlAD,Ambedkar Statue Boduppal,Ambedkar Statue Boduppal,17.418216953974405,78.58464438668318,AMBEDKAR STATUE twd Boduppal Kamman
xN8gSebA,Sunny Bakery-Boduppl,Sunny Bakery-Boduppl,17.41507656616295,78.58518901210405,SUNNY BAKERY twd Boduppal Kamman
bGRebiXX,Boduppal,Boduppal,17.404614000800635,78.58667493326617,BODUPPAL twd JBS
G3Zpsr6s,Peerzadiguda Kaman,Peerzadiguda Kaman,17.401238751115223,78.5816015303135,PEERZADIGUDA Khaman twd JBS
UsLG96x8,Uppal Bus Stop,Uppal Bus Stop,17.401465902576017,78.57100009918214,UPPAL BUS STAND twd Uppal X Road
GshwIwZf,Uppal Gandhi Statue,Uppal Gandhi Statue,17.401419832443395,78.56580466032031,UPPAL GANDHI STATUE twd Mehdipatnam
KQKhMBSB,Uppal X Roads,Uppal X Roads,17.401430068824652,78.56090962933486,UPPAL X ROAD JUNCTION twd LB Nagar
qKfbvH4T,Modern Bakery,Modern Bakery,17.401220278573184,78.55002522653528,MODERN Bakery twd Koti
LOa6jsKp,Ramanthapur Church,Ramanthapur Church,17.401,78.544,RAMANTHAPUR Church twd Koti
qCYClJlG,Ramanthapur Public School,Ramanthapur Public School,17.399464400555345,78.53779435157777,RAMANTHAPUR Public School
nyqH0iWW,Polytechnic College-Ramanthapur,Polytechnic College-Ramanthapur,17.395347751448888,78.5269099485933,POLYTECHNIC College twd Koti
J37ZgGmj,Irani Hotel Amberpet,Irani Hotel Amberpet,17.39327557924207,78.52189420913909,IRANI Hotel twd Koti
8KEiSXjE,Amberpet,Amberpet,17.39213391661559,78.51677924394609,AMBERPET twd Kacheguda
4q7T16Er,Zinda Tilismath,Zinda Tilismath,17.3876,78.5111,ZINDA TILISMATH twd koti
eHfFJzFj,Chadarghat,Chadarghat,17.38147040182143,78.49291026633878,CHADARGHAT MCH Quarters twd Afzalgunj
AXnxhRKy,Hayath Nagar Bus Stand,Hayath Nagar Bus Stand,17.32707761,78.60373244,HAYATHNAGAR twd Koti
VgDlJTb0,Jbs,Jbs,17.447565922231902,78.49663585662337,JBS twd Secunderabad
LW55dkBm,Amberpet Gandhi Statue,Amberpet Gandhi Statue,17.39239242192356,78.5194104909897,AMBERPET Gandhi Statue twd Kacheguda
9KD6Qf8o,Word And Deed School,Word And Deed School,17.3213989827461,78.6134697808098,WORD AND DEED twd RFC
4eTcIx5j,Gandi Mysamma Temple-Abdullahpurmet,Gandi Mysamma Temple-Abdullahpurmet,17.31511536057297,78.67383340284576,GANDIMAISAMMA twd RFC
CAf4y5Mn,Ramoji Film City,Ramoji Film City,17.311516,78.683365,RAMOJIFILM CITY twd Nalgonda
CEX84LLR,Ramoji Film City,Ramoji Film City,17.31132,78.683128,RAMOJI FILM CITY twd JBS
p1z6WxxP,Gandi Mysamma Temple-Abdullahpurmet,Gandi Mysamma Temple-Abdullahpurmet,17.315006257387218,78.67375543411036,GANDIMAISAMMMA twd Hayath nagar
BMEY3ApO,Word And Deed School,Word And Deed School,17.320909150707,78.6136220162649,WORD AND DEED twd JBS
w5wCAtvW,Cherlapally Phase 1,Cherlapally Phase 1,17.459461544980083,78.59055876674115,PHASE 1 twd Cherlapally
9WCdx88A,Ganesh Temple Kaman Cherlapally,Ganesh Temple Kaman Cherlapally,17.459036729268938,78.59512197294445,GANESH KAMAAN twd Cherlapally
PiEeyUSk,Ec Nagar,Ec Nagar,17.459194271009505,78.59904260274449,EC NAGAR twd Cherlapally
9T84PzhC,Ec Nagar,Ec Nagar,17.459149399324748,78.59902649962032,EC NAGAR twd Mallapur
2TAxnGhR,Ganesh Temple Kaman Cherlapally,Ganesh Temple Kaman Cherlapally,17.458960068579493,78.59519900566407,GANESH KAMAAN twd Mallapur
JsM4aJsN,Cherlapally Phase 1,Cherlapally Phase 1,17.459423161057263,78.5907143354416,PHASE 1 twd Mallapur
ypgflX0a,Hcl,Hcl,17.45524355822553,78.58147411787685,HCL X ROAD twd Mallapur
ZC9cuPhg,Ashoknagar-Mallapur,Ashoknagar-Mallapur,17.45,78.581,ASHOK NAGAR twd Uppal
bxqlmPtU,Nfc X Roads,Nfc X Roads,17.448264595739495,78.57538953423501,NFC X Road twd Mallapur
YAQJf9bd,Noma Function Hall,Noma Function Hall,17.4469851935289,78.57228219509126,NOMA twd Habsiguda
f6oeVXYR,Mallapur Village,Mallapur Village,17.444833218758916,78.56734961271287,MALLAPUR twd Tarnaka
vFTKha5O,Janapriya - Mallapur,Janapriya - Mallapur,17.44214896617809,78.56608830392362,JANAPRIYA twd Uppal
6R4ISSCd,Nacharam X Road,Nacharam X Road,17.43312488,78.55464408,NACHARAM X Rd twd Tarnaka
1tPdniFT,Nacharam,Nacharam,17.427835337107574,78.55093315243721,NACHARAM Village twd Secunderabad
Zlg504xr,Barkatpura,Barkatpura,17.3923137148681,78.50115202367301,BARKATPURA Bus Depot
zI0YQHC7,Barkatpura,Barkatpura,17.394002342815828,78.49834182298436,BARKATPURA twd Koti
WmzuokM6,Kachiguda X Roads,Kachiguda X Roads,17.39069285391186,78.48937511444093,KACHIGUDA X Road twd Koti
nQotD9EE,Goshamahal,Goshamahal,17.383832989854696,78.47415088735977,GOSHAMAHAL twd Mehdipatnam
bBZgUon7,Darusalam,Darusalam,17.38281423222229,78.46528887826761,DARUSALAM twd MP
lGyB3RaU,Bhoiguda Kaman,Bhoiguda Kaman,17.382812097817883,78.46042809684229,BHOIGUDA Kaman twd Mehdipatnam
X5rrIKse,Seethrambagh,Seethrambagh,17.385167014325116,78.4581478348899,SEETHARAMBAGH twd Mehdipatnam
EcYAl4Um,Mallepally,Mallepally,17.3891905207692,78.4545799909196,MALLEPALLY twd Mehdipatnam
8i0N6xJd,Asifnagar,Asifnagar,17.3898731287234,78.4516039669194,ASIFNAGAR twd Mehdipatnam
y2CUeob7,Nanal Nagar,Nanal Nagar,17.39607052566403,78.42676146544902,NANAL Nagar twd Shaikpet
cra7QW2M,Khajaguda X Road,Khajaguda X Road,17.42247012967654,78.38180646090282,KHAJAGUDA X ROAD twd Nanakramguda
YWIdVc49,Lanco Hills,Lanco Hills,17.418,78.3703,LANCO HILLS twd Goulidoddi
pGxe0Sf7,Khajaguda,Khajaguda,17.41787574985231,78.3673084600916,KHAJAGUDA twd Gowlidoddi
3wPoHTH2,Nanakramguda,Nanakramguda,17.41948116255868,78.35451599210502,NANAKRAMGUDA twd Wipro
CvwKMs0N,Wipro Circle,Wipro Circle,17.42762385,78.3417864,WIPRO Circle twd Gar Kokapet
W9CokUTo,Q City,Q City,17.42660948321484,78.33153114051883,Q CITY twd Gowlidoddy
Sm2dyUa2,Gowli Doddi,Gowli Doddi,17.42986209168885,78.32432001808337,GOWLIDODDY twd Gopanpally
hHMjjlFQ,Gopanpally,Gopanpally,17.453253364975374,78.30616927882751,GOPANPALLY twd Lingampally
kwLW4s15,Gopanpally X Roads,Gopanpally X Roads,17.446239895177634,78.30675892398357,GOPANPALLY X Roads twd Kollur
bAPeQYQ7,Mile Stone,Mile Stone,17.462066321447335,78.3081382343845,APARNA Apartments twd Lingapally
p3yCm2Vh,Mile Stone,Mile Stone,17.470176540412126,78.3098610408932,CITIZEN Hospital twd Lingampally
FGOQybzG,Nallagandla,Nallagandla,17.477527071965074,78.30663083737076,NALLAGANDLA twd Lingampally
tDEWS7qE,Nallagandla,Nallagandla,17.477495255920495,78.3072196638077,NALLAGANDLA twd Mehdipatnam
nqEYN6Uu,Mile Stone,Mile Stone,17.453365454713428,78.30631974517682,GOPANPALLY twd Mehdipatnam
1dFyOc5w,Gopanpally X Roads,Gopanpally X Roads,17.44589370661091,78.30749853578376,GOPANPALLY X Roads twd Mehdipatnam
spVMAJCg,Gowli Doddi,Gowli Doddi,17.429737297759306,78.32467541091441,GOWLIDODDY twd Mehidipatnam
MyeZootB,Q City,Q City,17.42671310250381,78.331561984999,Q CITY twd Mp
xiDNKOoD,Wipro Circle,Wipro Circle,17.42619365,78.34065199,WIPRO Circle twd Gachibowli
7WZ1aaAI,Khajaguda,Khajaguda,17.418009517347905,78.36729839370958,KHAJAGUDA twd Mehidipatnam
RZ6oSgtY,Secunderabad,Secunderabad,17.4369249562,78.5052494893,SECUNDERABAD twd ECIL
wkqXnQtG,Omkar Nagar,Omkar Nagar,17.337184,78.550306,OMKAR NAGAR twd Ibrahimpatnam
SR8fs7TH,Santhoshi Matha Temple-Hasthinapuram North,Santhoshi Matha Temple-Hasthinapuram North,17.332301582002888,78.5529702929845,SANTHOSH MATHA TEMPLE twd Ibrahimpatnam
wELAag5b,Hastinapur,Hastinapur,17.326919798663077,78.5564250074453,HASTINAPUR Naveena College twd Ibrahimpatnam
rIYonRH8,Sagar Complex,Sagar Complex,17.313,78.563557,SAGAR Complex twd Ibrahimpatnam
InPIS0f2,Katta Mysamma,Katta Mysamma,17.291827147802287,78.5871147885397,YAMJAL KATTA MAISAMMA twd Ibrahimpatnam
IBjfvmSP,Sathireddy Garden,Sathireddy Garden,17.279626230124038,78.58724354079571,ROKKAM SATHI REDDY GARDEN twd  Ibrahimpatnam
gw9FCBOl,Sri Indu College,Sri Indu College,17.213818523696336,78.61122240614016,SRI INDU COLLEGE twd Ibrahimpatnam
ysfhkpHS,Ibrahimpatnam Old Bus Station,Ibrahimpatnam Old Bus Station,17.197215601813685,78.65003407720262,IBP Old Bus Stand
hy9XDQtt,Khanapur X Roads,Khanapur X Roads,17.175368174130146,78.65471721151408,KANAPUR X Road twd Mall
12jVZctl,Sri Indu College,Sri Indu College,17.213672468576657,78.61050100631877,SRI INDU COLLEGE twd MGBS
A1WvIo0L,Sathireddy Garden,Sathireddy Garden,17.279595497566618,78.58696462653107,ROKKAM SATHI REDDY GARDEN twd  Hyderabad
fbXMzuz9,Katta Mysamma,Katta Mysamma,17.291770815428187,78.58688145875932,YAMJAL KATTA MAISAMMA twd Hyderabad
s1ciYFx5,Hastinapur,Hastinapur,17.326891,78.556174,HASTINAPUR Naveena college twd LB Nagar
YKUfHmfJ,Santhoshi Matha Temple-Hasthinapuram North,Santhoshi Matha Temple-Hasthinapuram North,17.332662,78.552672,SANTHOSH MATHA TEMPLE twd Hyderabad
XciC9kAE,Omkar Nagar,Omkar Nagar,17.336996,78.550159,OMKAR NAGAR twd LB Nagar
jnhepcwu,Is Sadan,Is Sadan,17.35186211676615,78.50698916206107,IS SADAN twd Kalwakurthy
R8wJZ3RA,Pisal Banda,Pisal Banda,17.34051267677062,78.50236974033263,PISALBANDA twd Mehdipatnam
IiG9DB77,Barkas,Barkas,17.317458207241422,78.47965613007547,BARKAS twd Maheshwaram
Rc9wdOaA,Sadat Nagar,Sadat Nagar,17.2924175473547,78.4737711288894,SADATH NAGAR twd Maheswaram
qgFCxsYj,Jalpally X Rd,Jalpally X Rd,17.2831183498853,78.471830824927,JALPALLY X Road twd Maheswaram
W6rYwrFr,Pahadi Shareef,Pahadi Shareef,17.271089,78.474293,PAHADI SHARIF twd RGIA
kHBvCa7Q,Nedunur X Road Bus Stop,Nedunur X Road Bus Stop,17.0558961018663,78.4733512625098,NEDUNUR X ROAD twd Kalwakurthy
6Js4QCW9,Nedunur X Road Bus Stop,Nedunur X Road Bus Stop,17.0562044518291,78.4731973707675,NEDUNUR X ROAD twd Mgbs
OpC9MtAI,Gudur Gate,Gudur Gate,17.09228301848158,78.4744781244442,GUDUR GATE twd Issadan
nFCvT7lL,Jalpally X Rd,Jalpally X Rd,17.2833706183488,78.4716008255087,JALPALLY X Road twd Koti
Hp2X7QHz,Sadat Nagar,Sadat Nagar,17.2924239497884,78.473679933785,SADAT NAGAR twd koti
3sRrB5c5,Barkas,Barkas,17.317380776273822,78.47958773429463,BARKAS twd MGBS
hQYYZWl5,Mgbs,Mgbs,17.378300992045833,78.48416549923284,MGBS BS
ZGUfWDKx,Ashoka,Ashoka,17.28825456592656,78.77005488670733,ASHOKA COLLEGE twd Choutuppal
EtHQ5KB7,Borollagudem,Borollagudem,17.2728970056166,78.81794806569812,BOROLLAGUDEM twd Choutuppal
5o6U1JzN,Yellagiri,Yellagiri,17.2635001983187,78.8390278816223,YELLAGIRI twd Choutuppal
ltdAGh7m,Lakkaram,Lakkaram,17.256200133297,78.88855420053,LAKKARAM GATE twd Suryapet
UyS1mnyb,Lakkaram,Lakkaram,17.2561581891061,78.8865053281188,LAKKARAM GATE twd LB nagar
KsWfGI4B,Yellagiri,Yellagiri,17.263234135234,78.8386178389191,YELLAGIRI twd LB Nagar
sj7vAEuA,Borollagudem,Borollagudem,17.2735706118312,78.8157510012388,BORRALAGUDEM twd LB nagar
uU1QWRWE,Ashoka,Ashoka,17.28819054171323,78.76999323716228,ASHOKA COLLEGE twd Hayathnagar
CYcFRyW1,Patny,Patny,17.44311109657586,78.49888758840669,PATNY twd LB Nagar
oGpujZ0X,Paryatak Bhavan,Paryatak Bhavan,17.43386555164057,78.45576703548434,PARYATAK Bhavan twd RGIA
RhtakA8X,Putlibowli,Putlibowli,17.38194934291692,78.48180894059763,KOTI Putlibowli twd Ameerpet
lDcRx4B5,Narayanamma College,Narayanamma College,17.4099222476304,78.39821487927924,NARAYANAMMA COLLEGE twd Gachibowli
ehK6CGyE,Indira Nagar- Gachibowli,Indira Nagar- Gachibowli,17.44092328863317,78.36015969475827,INDIRA NAGAR twd Lingampally
pFTI3DtD,Gulmohar Park Colony Bus Stop,Gulmohar Park Colony Bus Stop,17.4779867382047,78.3199409767985,GULMOHAR PARK twd Lingampally
wb5eSLiO,Gulmohar Park Colony Bus Stop,Gulmohar Park Colony Bus Stop,17.4780705250615,78.3201636001467,GULMOHAR PARK twd Gachibowli
vFMxoZue,Nampally Railway Station,Nampally Railway Station,17.392076311284324,78.47020536490005,NAMPALLY Railway Station twd Afzalgunj
cMahUBUy,Kachiguda Railway Station,Kachiguda Railway Station,17.390083600178784,78.49908740002142,KACHIGUDA Station
iLqH7CzM,Bandlaguda Bus Depot,Bandlaguda Bus Depot,17.365524,78.588888,BANDLAGUDA Bus Depot
KQKA2qfQ,Bandlaguda,Bandlaguda,17.3714504482442,78.5695591354593,BANDLAGUDA twd Uppal
lUAF2lZG,Nagole X Road,Nagole X Road,17.3764837439521,78.5587936450692,NAGOLE X Road twd Bandlaguda Depot
b08KweJu,Arunodaya Nagar Nagole,Arunodaya Nagar Nagole,17.37346944317409,78.56309361744178,ARUNODAYA NAGAR COLONY twd Bandlaguda
1dtzn5PT,Bandlaguda,Bandlaguda,17.3714734741342,78.5694133809192,BANDLAGUDA  twd  Bandlagida Depot
qFwvd68S,Anand Nagar,Anand Nagar,17.3696856485073,78.5736080581774,ANAND NAGAR twd BandlagudaDepot
F2TLE5hK,Mathuguda,Mathuguda,17.3674663143257,78.5791705934952,MATHUGUDA twd Depot
aR45qptZ,Indu Aranya Pallavi,Indu Aranya Pallavi,17.366520934109882,78.58275018630466,INDU ARANYA PALLAVI twd Bandlaguda Depot
5NY0wRTG,Kamineni Hospital,Kamineni Hospital,17.353082137073116,78.55591533846103,KAMINENI Hospital twd Mansoorabad
HTWMhDFf,Mansoorabad,Mansoorabad,17.352709532120056,78.56267385133256,MANSOORABAD twd Bandlaguda
VvpdOUmy,Mansoorabad,Mansoorabad,17.352673685554755,78.56267988545898,MANSOORABAD twd LB nagar
iyA3ln0x,Birla Mandir,Birla Mandir,17.406031907006657,78.46715033054353,RBI Birlamandir twd JBS
ByEltUQz,Secretariat Lic Building,Secretariat Lic Building,17.407964,78.473153,SECRETARIAT twd CBS
Kg68JpZO,Red Tank,Red Tank,17.329049814939413,78.56902398809581,RED TANK twd BN reddy
BNkntuC7,Govt Hospital-Bn Reddy Nagar,Govt Hospital-Bn Reddy Nagar,17.329326373099825,78.56588512659074,GOVT HOSPITAL twd BN Reddy
ufGWHO1K,Sp Nagar Ecil,Sp Nagar Ecil,17.4653580286478,78.5624219881221,SP NAGAR twd Lalapet
XyqpxbUi,Moulali,Moulali,17.4623860406493,78.56166601181032,MOULALI twd Lalapet
skkYyEjj,Indiranagar Moulali,Indiranagar Moulali,17.457724216996056,78.56499731540681,INDIRANGR twd Lalapet
FLd8TACZ,Vasundara - Hb Colony,Vasundara - Hb Colony,17.455746299938603,78.56583683700977,VASUNDHARA Degree College twd MGBS
zYZLtVcP,Play Ground-Hb Clny,Play Ground-Hb Clny,17.4522987119585,78.5655166583943,HB PLAYGROUND twd Lalapet
2bepCN5S,Carbide Bus Stop,Carbide Bus Stop,17.45395687,78.56046472,CARBIDE twd Lalapet
BJd97raA,Zts-Moulali,Zts-Moulali,17.455518636463427,78.55545669794085,ZTS TWS Tarnaka
oeQatcpC,Industrial Estate,Industrial Estate,17.4481401185069,78.5509206235426,INDUSTRIAL ESTATE twd Lalapet
13Iy1vCU,Lalapet,Lalapet,17.43735708,78.54413576,LALAPET twd Tarnaka
xPL0SL5V,St.Anns-Tarnaka,St.Anns-Tarnaka,17.43046699,78.53494819,ST ANNS twd Tarnaka
FJlBAIGJ,Tarnaka,Tarnaka,17.4275405219823,78.5320377655953,TARNAKA Temple twd MGBS
HKswdTR3,Tarnaka,Tarnaka,17.425940298017693,78.53019028902057,TARNAKA RTC Hospital twd MGBS
NRUyhunT,Manikeshwari Nagar,Manikeshwari Nagar,17.420442,78.524697,MANIKESHWARI NAGAR twd Koti
vUCvIngb,Ladies Hostel-Osmania University,Ladies Hostel-Osmania University,17.41373294,78.52157336,LADIES HOSTEL OSMANIA UNIVERSITY twd Mgbs
G9s1FKXK,Adikmet,Adikmet,17.407836266326395,78.51360619068147,ADIKMET twd Mgbs
pZwR5xOb,Vidyanagar,Vidyanagar,17.404571404336966,78.51052884152871,VIDYANAGAR twd Cbs
qlx7W2Rm,Nallakunta,Nallakunta,17.3988468489375,78.5059555094332,NALLAKUNTA Bus Stop twd Kachiguda
5XYVRO5k,Fever Hospital,Fever Hospital,17.395425473104176,78.5024750000878,FEVER Hospital twd Koti
S4ZgJ4j0,Koti Maternity Hospital,Koti Maternity Hospital,17.38550191065701,78.48705097609947,KOTI MATERNITY HOSPITAL twd CBS
QkB6ZBXo,Chaderghat,Chaderghat,17.3808782863929,78.4912418747046,CHADARGHAT twd Koti
IFUW9ATI,Koti Maternity Hospital,Koti Maternity Hospital,17.38535101091611,78.48707116965383,KOTI MATERNITY HOSPITAL twd Ramkoti
g7J1aoV9,Ramkoti,Ramkoti,17.390485520705052,78.4861470730132,RAMKOTI twd Tourist
DxR2G5xI,Tourist Hotel,Tourist Hotel,17.389764347467224,78.4958311413433,TOURIST HOTEL twd Kachiguda
lmNrF1fn,Barkatpura Pf Office,Barkatpura Pf Office,17.39343799526668,78.49768057399798,BARKATPURA PF Office
JhfnnEoI,Tarnaka,Tarnaka,17.42769648,78.53189483,TARNAKA Temple twd Lalapet
RV7q8Yg5,St.Anns-Tarnaka,St.Anns-Tarnaka,17.431089151913383,78.53529721498491,ST.ANNS TARNAKA twd ECIL
tOmVVbFa,Lalapet,Lalapet,17.43753365,78.54404893,LALAPET twd Moula Ali
CaaGDLgb,Industrial Estate,Industrial Estate,17.448224399489,78.5507586723356,INDUSTRIAL Estate twd Kushaiguda
ra9Z5fxL,Zts,Zts,17.455869177149232,78.55626136064531,ZTS X Road twd Ecil
ghqjvuBW,Carbide Bus Stop,Carbide Bus Stop,17.454221374191146,78.56029808521272,CARBIDE twd Ecil
RWwq3iDL,Play Ground-Hb Clny,Play Ground-Hb Clny,17.4531665472067,78.5657915709285,HB Colony Play Ground twd Ecil
wTYjikjv,Vasundara - Hb Colony,Vasundara - Hb Colony,17.455534056704007,78.56581272080905,VASUNDHARA Degree College twd ECIL
URF7Laox,Indiranagar Moulali,Indiranagar Moulali,17.45797496576076,78.56483101844789,INDIRANGR Moulali twd Ecil
BqTPfSLk,Moulali,Moulali,17.46235277888337,78.56160700321199,MOULALI Unani twd Ecil
DcECcLiz,Sp Nagar,Sp Nagar,17.4656926379868,78.5623232794914,SP NAGAR twd ECIL
XBpOVMiR,Tarnaka,Tarnaka,17.426442,78.530393,TARNAKA twd ECIL
CcmOHg1S,Koti Medical College,Koti Medical College,17.382729949203686,78.48243354568609,KOTI Medical College twd Cbs
8NJ7K0hT,Hayathnagar Bus Depot,Hayathnagar Bus Depot,17.32593580576755,78.59334810908629,HAYATNAGAR-2 Bus Depot
mc3dL5Ff,Panama Godowns,Panama Godowns,17.337232877567985,78.56981724500656,PANAMA twd Ngos Colony
e5MGu6Vh,Ymca Narayanaguda,Ymca Narayanaguda,17.394294,78.489862,NARAYANGUDA Metro Station(YMCA) twd Secunderabad
HLIWxCVj,Chikkadpally,Chikkadpally,17.403572284926824,78.49525183552058,CHIKKADAPALLY twd Secunderabad
gAiZU7VX,Chikkadpally,Chikkadpally,17.4023012715058,78.4952191590437,CHIKKADAPALLY twd Koti
54FDshBp,Narayanaguda,Narayanaguda,17.39882324981411,78.49395230412486,NARAYANGUDA twd Koti
75lZ77rU,Ymca Narayanaguda,Ymca Narayanaguda,17.3956047167113,78.49060084397593,YMCA twd Afzalgunj
CC8E84Vl,Badi Chowdi,Badi Chowdi,17.38850118213631,78.48754920139304,BADI Chowdi twd Koti
D148CtdH,Farooqnagar,Farooqnagar,17.328553066706863,78.46979499270137,FAROOQNAGAR Bus Depot
ZV1Idm6T,Vst Bus Stop,Vst Bus Stop,17.403916560950446,78.5048045217991,VST X ROAD twd Kacheguda
Yrao0IpL,Mile Stone,Mile Stone,17.211783976569876,78.52869629677822,WONDER La X Rds twd Rr Collectorate
fTruv54u,Kongara Kalan Village,Kongara Kalan Village,17.199911102400456,78.55051070451738,KONGARA Kalan twd Charminar
thblSwIe,Adibatla,Adibatla,17.232861302734417,78.5424533320133,ADIBATLA Village
bFgvI4h5,Nadergul,Nadergul,17.273646403233354,78.53931784835711,NADARGUL twd Koti
Oz2boA70,Mvsr College,Mvsr College,17.28208498194676,78.53733293735475,MVSR ENGINEERING COLLEGE twd Koti
milwCOqR,Sri Nilaya Township,Sri Nilaya Township,17.290003727325292,78.53580956003269,SRI NILAYA TOWNSHIP twd Koti
YOeJq9L5,Gandhi Nagar,Gandhi Nagar,17.294,78.535,GANDHI Nagar Hyderabad twd Koti
Xj0UYlIJ,Anjaneya Tower,Anjaneya Tower,17.29799901795388,78.53198468685152,ANJANEYA Tower twd Koti
csIUD03w,Badangpet,Badangpet,17.307238498227605,78.5251718759537,BADANGPET twd Koti
pSVUx50D,Udyog Nagar,Udyog Nagar,17.31271831205356,78.52294832120312,UDYOG Nagar twd Koti
9xY1MiNf,Lenin Nagar,Lenin Nagar,17.315647682510566,78.52263850483266,LENIN Nagar twd Koti
yAkFlxiY,Balapur X Road,Balapur X Road,17.319132873229755,78.51918384515149,BALAPUR X Road twd Koti
W7eLvazM,Midhani Township,Midhani Township,17.323831843006666,78.51524258070283,MIDHANI Township twd Koti
VmOlNzOp,Dhatunagar Kanchanbagh,Dhatunagar Kanchanbagh,17.32509642139359,78.5140997171402,DHATU NAGAR twd Bdl
0RAWghM1,Drdo Township,Drdo Township,17.326720587409746,78.51269971457948,BDL FACTORY twd Secunderabad
i0fZc9zq,Mall-Yacharam,Mall-Yacharam,16.967310989719,78.7296400219202,MALL Bus Station
KKCB9GoD,Marriguda X Road Twd Mall Bus Station,Marriguda X Road Twd Mall Bus Station,16.97352602526139,78.73019993305208,MARRIGUDA X Road twd Mall Bus station
pO6sAU61,Thammaloniguda X Road,Thammaloniguda X Road,16.98682315634736,78.71102482080461,THAMMALONIGUDA X ROAD twd Ibrahimpatnam
nZ0VE6bp,Thakkellapalle,Thakkellapalle,17.00205080010072,78.68999361879082,THAKKELLAPALLY X ROAD twd Ibrahimpatnam
F0gMYThS,Chintapatla,Chintapatla,17.009306976772976,78.68657380250426,CHINTHAPATLA X Road twd Yacharam
wMh8I3aC,Chinthapatla Thanda,Chinthapatla Thanda,17.012023181223867,78.68532656938729,CHINTHAPATLA Thanda twd Yacharam
Mept7Ecz,Balagram,Balagram,17.018238964689615,78.68151113390923,BALAGRAM twd Yacharam
6KHzkpgL,Yacharam-Yacharam,Yacharam-Yacharam,17.042312277860805,78.66428196430208,YACHARAM twd MGBS
abgokAaJ,Chowderpalle-Yacharam,Chowderpalle-Yacharam,17.06998993138268,78.66562843322755,CHOWDERPALLE X Road twd Ibrahimpatnam
WmF8pdo0,Gungal,Gungal,17.106193357584345,78.66675764322282,GUNGAL twd Ibrahimpatnam
yHuojUCF,Agapally-Ibrahimpatnam,Agapally-Ibrahimpatnam,17.134495375678636,78.6714890599251,AGAPALLY twd Ibrahimpatnam
eMqegQbs,Sagar Ring Road,Sagar Ring Road,17.342267735122466,78.54629158973697,SAGAR RING ROAD twd MGBS
mS29TVPi,Agapally-Ibrahimpatnam,Agapally-Ibrahimpatnam,17.13424418569693,78.67170095443727,AGAPALLY twd Mall
cVyeXWiM,Gungal,Gungal,17.105519142352172,78.6667549610138,GUNGAL twd Mall
KfYhafYQ,Chowderpalle-Yacharam,Chowderpalle-Yacharam,17.07,78.666,CHOWDERPALLE X Road twd Mall
MnSdosEx,Yacharam-Yacharam,Yacharam-Yacharam,17.042455735085365,78.66444826126101,YACHARAM twd Mall
UzsUL4t2,Balagram,Balagram,17.018199210913572,78.68170022964479,BALAGRAM twd Mall
AlXmWDAl,Chinthapatla Thanda,Chinthapatla Thanda,17.012161760002172,78.68546602434142,CHINTHAPATLA Thanda twd Mall
Lqw6dwzy,Chintapatla,Chintapatla,17.009344167555664,78.68668109178545,CHINTHAPATLA twd Mall
BI2ZZCvd,Thakkellapalle,Thakkellapalle,17.00195716373347,78.69012773036958,THAKKELLAPALLY X RAOD twd Mall
PgRBiaoC,Marriguda X Road Twd Hyderabad,Marriguda X Road Twd Hyderabad,16.97358246342173,78.72994780540466,MARRIGUDA X Road twd Hyderabad
nrauyNia,Bairammalguda,Bairammalguda,17.343029417848445,78.54275108481795,BAIRAMMALGUDA twd MGBS
gq6BW6qd,Karmanghat,Karmanghat,17.344272,78.532326,KARMANGHAT twd Hyderabad
AZOuxq4o,Green Park Conoly,Green Park Conoly,17.345231943614152,78.52562846929442,GREEN PARK CLY twd MGBS
GPNW7g0E,Chadarghat Rose Bakery,Chadarghat Rose Bakery,17.377546264405506,78.49131166934968,CHADARGHAT Niagara Hotel
KnDqL1iX,Champapet,Champapet,17.3485620728481,78.51571306586267,CHAMPAPET twd LB Nagar
ZhoDJQSH,Green Park Conoly,Green Park Conoly,17.345247393758903,78.52611685250106,GREEN PARK CLY twd IBP
aLUM8fck,Karmanghat,Karmanghat,17.344441,78.532242,KARMANGHAT twd Devarkonda
yvB2IyVr,Bairammalguda,Bairammalguda,17.3431608130252,78.54312350871598,BAIRAMMALGUDA twd Ibrahimpatnam
tbrwca0O,Kachiguda Depot,Kachiguda Depot,17.3864067647,78.4982247839,KACHIGUDA BUS DEPOT
AMDPVwrq,Chadarghat,Chadarghat,17.382243375492738,78.49324956602909,CHADARGHAT twd Kachiguda
jsxZiMqX,Extension,Extension,17.329920066002824,78.40938089193266,BUDWEL EXTENSION twd Rajendra Nagar
ASEPtNq8,Telephone Bhavan,Telephone Bhavan,17.407122137213587,78.46616058810464,TELEPHONE Bhavan
xWvdaTS4,Nayapul,Nayapul,17.371368,78.477861,NAYAPOOL SALARJUNG Museum twd CBS
bAX3mHHp,Kuntloor,Kuntloor,17.34,78.626,KUNTLOOR twd Hayathnagar
EfxH0lPA,Mother Dairy,Mother Dairy,17.335865611125644,78.61415415752397,MOTHERDAIRY twd Hayathnagar
DXPzJ9AH,Yadagiri Theater,Yadagiri Theater,17.346342606279627,78.50822562908397,YADAGIRI THEATER twd Midhani
SShmjMxs,Drdo Township,Drdo Township,17.32689980834771,78.51278015039361,BDL FACTORY twd Badangpet
9sENfyoW,Dhatunagar Kanchanbagh,Dhatunagar Kanchanbagh,17.325138084784864,78.51431457022397,DHATU Nagar Twd BDG
wwgHNAcs,Midhani Township,Midhani Township,17.323826720691038,78.51541423192766,MIDHANI Township twd Bandlaguda
qlPqIO3z,Balapur X Rds,Balapur X Rds,17.3191328399166,78.51961966719655,BALAPUR X ROAD twd Badangpet
zilTX2l3,Lenin Nagar,Lenin Nagar,17.31598202071025,78.52264655200874,LENIN Nagar twd Bandlaguda
FrTvHO6q,Udyog Nagar,Udyog Nagar,17.313,78.523,UDYOG Nagar twd Bandlaguda
z8abhQJs,Gandhi Nagar Badangpet,Gandhi Nagar Badangpet,17.293988604360347,78.53485468284194,GANDHI NAGAR Hyd twd Naderguel
Y5gq5Ixd,Sri Nilaya Township,Sri Nilaya Township,17.2890305628669,78.53620643831913,SRI NILAYA TOWNSHIP twd Nadergul
TkExXTEm,Mvsr College,Mvsr College,17.281915833564565,78.53739729599576,MVSR Engineering College twd Nadergul
NoyXYOn6,Nadargul,Nadargul,17.274,78.539,NADARGUL twd Adibatla
sm0nu3zr,Pasumamula,Pasumamula,17.35067413241651,78.64891292444483,PASUMAMULA twd Hayathnagar
755DZcV8,Kuntloor Y Junction,Kuntloor Y Junction,17.345195441703307,78.63185137751407,Y JUNCTION twd Haytnagar
myzjFCj3,Bacharam,Bacharam,17.395,78.69,BACHARAM Village
C1G51OCr,Bacharam X Rds,Bacharam X Rds,17.372,78.687,BACHARAM X ROAD twd Hayathnagar
P9Yge8Ha,Gowrelly,Gowrelly,17.367,78.673,GOWRELLY X ROAD twd Tarmathipet
Sy8pzSx4,Tharamathipet,Tharamathipet,17.35636667976005,78.67728262977529,TARAMATHIPET twd Hayatnagar
ubcOUm5H,Mile Stone,Mile Stone,17.35508788375941,78.67206573565238,TARAMATHIPET X Road twd Hayatnagar
eqAssT0D,Kachiguda Depot,Kachiguda Depot,17.386810386147495,78.49883624571497,KACHEGUDA Bus Depot twd koti
BPKTUW3L,Khairatabad Metro Station,Khairatabad Metro Station,17.414165437048904,78.45863971461557,KHAIRATABAD twd Patancheruvu
FasnykLX,Mythrivanam,Mythrivanam,17.440045544433556,78.4423641399989,MAITRIVANAM twd Patancheruvu
iRgXa7Ff,Kukatpally Village,Kukatpally Village,17.483853963508036,78.41241718136001,KUKATPALLY twd Patancheruvu
UJBloCiO,Nizampet X Road,Nizampet X Road,17.498276,78.390314,NIZAMPET X ROAD twd Patancheruvu
UGAn2AmQ,Chanda Nagar,Chanda Nagar,17.494893,78.323144,CHANDANAGAR twd Patancheruvu
gyZqpCtW,Minerva,Minerva,17.44102552128307,78.49307924664633,MINERVA twd Secunderabad
7EnIzbEJ,Laskarguda,Laskarguda,17.298,78.691,LASHKARGUDA VILLAGE twd Anajpur
DSUFpHmT,Surmaiguda,Surmaiguda,17.292769533843,78.69027256518493,SURMAIGUDA VILLAGE twd Anajpur
JBTKsF6k,Majeedpur,Majeedpur,17.287698852736238,78.69373792825682,MAJEEDPUR X ROAD twd Majeedpur
HsxwV66P,Anajpur,Anajpur,17.27014973526637,78.69371651030924,ANAJPUR VILLAGE twd Sanghinagar
EmrlCE2d,Majeedpur,Majeedpur,17.28767832359417,78.69345897389874,MAJEEDPUR X ROAD twd Abdullapur mettu
q2fHi9dQ,Surmaiguda,Surmaiguda,17.292739055963917,78.69021892188141,SURMAIGUDA VILLAGE twd Abdullapurmet
HUK4iP4B,Laskarguda,Laskarguda,17.296938769738286,78.69102895104274,LASHKARGUDA VILLAGE twd Abdullapurmet
V7kdAGRo,Anajpur Pati,Anajpur Pati,17.266985559113035,78.69741864493649,ANAJPUR Pati
UBnpQRqJ,Gandimaisamma,Gandimaisamma,17.57506285953001,78.42333907402804,GANDIMAISAMMA twd Jeedimetla
GAstXCkZ,Bahadur Pally X Road,Bahadur Pally X Road,17.55997035277117,78.4310880413114,BAHADURPALLY X Road twd Jeedimetla
CM04iqbe,Suraram X Road,Suraram X Road,17.541284,78.433879,SURARAM X Road twd Secunderabad
12LvRz4y,Sai Baba Nagar,Sai Baba Nagar,17.535778,78.434947,SAI BABA Nagar twd Secunderabad
P3E8zTnC,Jeedimetla,Jeedimetla,17.52668,78.440339,JEEDEMETLA twd Secunderabad
QCerdw5u,Sub Station-Jeedimetla,Sub Station-Jeedimetla,17.522705,78.443744,JEEDIMETLA Sub Station twd Secunderabad
8i4V23bl,Rythu Bazar,Rythu Bazar,17.51763312257674,78.4467548113273,RAITH BAZAR twd Secunderabad
IhCYXkvc,Shapur Nagar,Shapur Nagar,17.51331290617655,78.4474763274193,SHAHPUR Nagar twd Secunderabad
CBCRWwzJ,Gajularam X Road,Gajularam X Road,17.509412,78.448168,GAJULARAMARAM X Road twd Secunderabad
ICyggC8Y,Chintal,Chintal,17.495457,78.452336,CHINTAL twd Balnagar
P4ygyI2C,Ganesh Nagar Chintal,Ganesh Nagar Chintal,17.491376,78.45136,GANESH NAGAR twd Secunderabad
1dbVPVSh,Idpl Colony,Idpl Colony,17.487432996161004,78.45032751653562,IDPL Colony twd Secundrabad
fsopSgWz,Idpl Water Tank,Idpl Water Tank,17.481157366655744,78.44912856438341,IDPL Water Tank twd Balanagar
pA8QrbqG,Balnagar,Balnagar,17.46697098901906,78.44626128673555,BALANAGAR twd Secunderabad
doMjm67z,Balnagar,Balnagar,17.467078,78.445087,BALANAGAR twd Patancheru
wzqS7LeU,Prashanth Nagar Bus Station,Prashanth Nagar Bus Station,17.473781884192416,78.42697620038051,PRASHANTH NAGAR  twd Patancheru
sJOTK4tF,Telangana High Court,Telangana High Court,17.368538155387,78.47386658191681,HIGHCOURT Madina twd Aramghar
kp2atLnL,Lb Nagar,Lb Nagar,17.343705326099684,78.55552911758424,LB Nagar (District stop) twd Vijayawada
stX5GY7u,Bairagiguda,Bairagiguda,17.370299365064906,78.37494135089655,BAIRAGIGUDA
NzjS8nRO,Mettuguda,Mettuguda,17.436598674132,78.5198795422911,METTUGUDA twd Malkajgiri
NhDTN8qE,New Bridge,New Bridge,17.439543,78.525307,NEW BRIDGE twd Malkajgiri
AbClhnuJ,Mirjalguda,Mirjalguda,17.4422593237835,78.5324822366237,MIRJALGUDA twd Malkajgiri
tXWC6LQl,Sairam Theatre Malkajgiri,Sairam Theatre Malkajgiri,17.446174061666664,78.5355479997386,SAI RAM Theatre twd ECIL
gpJuB97d,Malkajgiri,Malkajgiri,17.450012253257448,78.5357143022003,MALKAJGIRI twd ECIL
wyBRy0MM,Anutex,Anutex,17.450296267998443,78.53239238262178,ANUTEX twd ECIL
hBswGvlT,Vani Nagar Malkajgiri,Vani Nagar Malkajgiri,17.452,78.533,VANI NAGAR twd ECIL
ZVuLmrGb,Rk Nagar,Rk Nagar,17.455334549386095,78.53547689529513,RK Nagar twd ECIL
2LxQkU4U,Anand Bagh X Roads,Anand Bagh X Roads,17.458849928192937,78.53639958774858,ANANDBAGH twd ECIL
Q2jWEkmH,Safilguda,Safilguda,17.46107347558432,78.53560555638327,SAFILGUDA twd ECIL
Hy5djRkO,Krupa Complex Bus Stop Hyd_D,Krupa Complex Bus Stop Hyd_D,17.4651256379376,78.53857554495329,KRUPA COMPLEX twd Ecil
w2XsDVM9,Vinayak Nagar X Rd Safilguda,Vinayak Nagar X Rd Safilguda,17.469278785766658,78.53903353231463,VINAYAK NAGAR twd Secunderabad
T4ybBfzI,Neredmet,Neredmet,17.474,78.538,NEREDMET OLD PS BUS STOP twd Chennapur NTR Statue
dVYcUk3V,Vajpayee Nagar,Vajpayee Nagar,17.477870062668078,78.53738129151849,VAJPAI NAGAR twd ECIL
vNMI3dhZ,Neredmet X Road,Neredmet X Road,17.482193942012337,78.53728909045459,NEREDMET X ROAD twd ECIL
o1qcYgnv,Vayupuri Sainikpuri,Vayupuri Sainikpuri,17.483529,78.544791,VAYUPURI twd ECIL
Yqp7S1zK,Sainikpuri,Sainikpuri,17.48371422,78.55002422,SAINIKPURI X ROAD twd ECIL
WutKAu9W,Sharada Theater,Sharada Theater,17.481609060960427,78.55461718166062,SHARADA twd Ecil
5FCbpmQ6,As Rao Nagar,As Rao Nagar,17.479608,78.558052,AS RAO Nagar twd ECIL
joS2DGW3,Radhika,Radhika,17.4775041444904,78.56307021771049,RADHIKA twd ECIL
ePjbJqHk,"Kamla Nagar, As Rao Nagar","Kamla Nagar, As Rao Nagar",17.476368214917837,78.56751591138323,KAMLA Nagar twd ECIL
GSJmBdtr,City College,City College,17.36789,78.467936,CITY COLLEGE twd Aramghar
TFm5YU6p,Police Quarters Puranapool,Police Quarters Puranapool,17.36724955511988,78.46295502036811,POLICE QUARTERS twd Aramghar
WcoWHTHU,Puranapool,Puranapool,17.36491904,78.45708534,PURANAPOOL twd Nagarkurnool
hdo2SrbW,Bahadurpura,Bahadurpura,17.356,78.455,BAHADURPURA twd Aramghar
FmUchy2Z,Lb Nagar,Lb Nagar,17.343705326099684,78.55552911758424,LB Nagar (District stop) twd Narketpally
0UU4xkjZ,Brilliant Engg College,Brilliant Engg College,17.308324429344953,78.70123209161318,BRILLIANT ENGG COLLEGE twd Choutuppal
aYQr0kfY,Batasingaram Village,Batasingaram Village,17.301687053699922,78.72640190174954,BATASINGARAM VILLAGE twd Kothagudem
Sg6jvF4D,Netaji Institute Of Engineering And Technology,Netaji Institute Of Engineering And Technology,17.307,78.767,NETAJI Institute Of Engineering And Technology twd PCPL
wogU2xCY,Narayanagiri  X Road,Narayanagiri  X Road,17.328,78.785,NARAYANAGIRI X Rd
mgMNI6Rp,Jalalpur,Jalalpur,17.332,78.801,JALALPUR twd PCPL
Lklu3I5q,Pochampally,Pochampally,17.34851364254166,78.82081295306055,BHOODHAN Pochampally twd Bibinagar
KBNcnnNc,Amberpet,Amberpet,17.391209892839633,78.51627230644227,AMBERPET twd Secunderabad
GRtmMlIG,Gayatri Nagar,Gayatri Nagar,17.3338019776293,78.53206515206983,GAYATRI NAGAR Bus Stop
k2jPxrLa,Revan Palle,Revan Palle,17.357,78.831,REVAN Palle
1bLFQ7uG,Gouse Konda,Gouse Konda,17.375,78.834,GOUSEKOND
LntxNwkd,Rajendranagar,Rajendranagar,17.32201353135999,78.40169370016595,RAJENDRA Nagar twd Dairy Farm
LTnmMvR6,Rajendranagar,Rajendranagar,17.329843252452157,78.40913413586011,RAJENDRA NAGAR EXTENSION twd Dairy Farm
d8khXuWv,Budvel,Budvel,17.333110669133223,78.4094935655594,BUDVEL twd DairyFarm
wobPN83B,Mm Pahadi,Mm Pahadi,17.351,78.429,MM Pahadi
Gj4rlykl,Pahadi 9 Number,Pahadi 9 Number,17.355942955150237,78.4342610836029,9 No
GkAA1KAn,Bahadurpura,Bahadurpura,17.356413371201256,78.45452282419464,BAHADURPURA twd CBS
O1snihtt,Puranapool,Puranapool,17.3666242911331,78.4582168981432,PURANA Pool twd Hyderabad
VaCQ6ogT,Police Quarters Puranapool,Police Quarters Puranapool,17.36735046670432,78.46306800842287,POLICE QUARTERS twd Afzalgunj
MZBRlGER,City College,City College,17.368055611327488,78.46814543008806,CITY COLLEGE twd CBS
5FN1VMfK,Jalwa Hotel,Jalwa Hotel,17.358195927236597,78.44830511226846,JALWA HOTEL twd Kishan Bagh
w6O0ksoC,Kishanbagh,Kishanbagh,17.35907651430377,78.4431016398485,KISHANBAGH twd Rajendranagar
YM8Ly8sq,Ram Bagh,Ram Bagh,17.36155449630603,78.43581143199782,NANDIMUSLAY twd Rajendranagar
tQHAYvr2,Chintalmet,Chintalmet,17.3520696062027,78.4220886171441,CHINTALMET twd Aramghar
VDiNAleU,Dairy Farm Upperpally,Dairy Farm Upperpally,17.345018740917144,78.41561235487461,DAIRY Farm twd Rajendranagar
9afmQNBK,Jalalpur,Jalalpur,17.33199432679553,78.80100857649762,JALALPUR twd MGBS
y1H3hSwq,Narayanagiri  X Road,Narayanagiri  X Road,17.327863001684143,78.78502294900602,NARAYANAGIRI X Rd twd Dilsukhnagar
syOADYRI,Netaji Institute Of Engineering And Technology,Netaji Institute Of Engineering And Technology,17.30672114302922,78.76707898254053,NETAJI Institute Of Engineering And Technology twd MGBS
7bRgaCv2,Bata Singaram,Bata Singaram,17.301589687326484,78.72656282495545,BATASINGARAM VILLAGE twd Abdullapur Met
pEO8eLRF,Brilliant Engg College,Brilliant Engg College,17.308,78.701,BRILLIANT COLLEGE twd L B nagar
GZbBPEBn,Sahara Estate,Sahara Estate,17.347843161185242,78.5692395886082,SAHARA ESTATES
al3vmX3N,Nppti,Nppti,17.336807796198393,78.41185927391055,NPPTI
vfnAXqAg,Ag College,Ag College,17.3145603362813,78.424698331455,AG College twd Mehdipatnam
3y1ViY7J,Koti,Koti,17.38467000545223,78.48439474098421,KOTI Bus Terminal
65xHYVX2,Nagarjuna Circle,Nagarjuna Circle,17.4271046887206,78.44481289200051,SULTHAN COLLEGE twd Jublee hills check post
fgg0IQHr,Tv9 Office,Tv9 Office,17.426853894104795,78.43971669673921,TV9 Headoffice twd RGIA
2mWGJyjR,Lv Prasad Eye Hospital,Lv Prasad Eye Hospital,17.4235,78.4274,LV Prasad twd Kbr Park
YjH8S4NX,Annapurna Studio,Annapurna Studio,17.423478147617466,78.42495649729067,ANNAPURNA STUDIO twd Jublee hills check post
KUmRnItI,Jubilee Hills Checkpost,Jubilee Hills Checkpost,17.42761122178455,78.41419810027435,JUBILEE HILLS CHECKPOST twd Madhapur
55C1Tg1j,Ushakiran Movies,Ushakiran Movies,17.42996559965487,78.41087759978637,USHA KIRAN MOVIES twd Peddamma temple
XhtuWNK7,Peddamma Temple,Peddamma Temple,17.43178261319136,78.40686500487101,PEDDAMMA Temple twd Madhapur
7MFTYaN6,Kondapur,Kondapur,17.464,78.367,KONDAPUR twd Hafizpet
UZLVMJZP,Cr Foundation Rd,Cr Foundation Rd,17.473514,78.364022,CR Foundation twd Hafizpet
KygDhDqC,Hafeezpet,Hafeezpet,17.478294457667268,78.3617451051432,HAFEEZPET twd Allwin x road
TW2rdSwj,Allwyn X Road,Allwyn X Road,17.491963547858898,78.35304111255302,ALLWYN X RD twd Hafeezpet
j99JCHUS,Hafeezpet,Hafeezpet,17.4795124796214,78.36128352752179,HAFEEZPET twd Kondapur
5LwOZkFg,Cr Foundation Rd,Cr Foundation Rd,17.473431,78.364314,CR FOUNDATION twd Gachibowli
Zwyl6fdB,Peddamma Temple,Peddamma Temple,17.43159834633586,78.40720025612069,PEDDAMMA TEMPLE twd Koti
RmEz87YD,Ushakiran Movies,Ushakiran Movies,17.430165455368805,78.41104923840241,USHAKIRAN Movies twd Koti
h2hMOYiv,Jubilee Hills Checkpost,Jubilee Hills Checkpost,17.427713779418717,78.41647798512466,JUBLEE HILLS CHECK POST twd Secunderabad
q4cCb1IV,Jubilee Hills Checkpost,Jubilee Hills Checkpost,17.4261354453542,78.4182814084813,JUBLIE Hills Check Post twd Lv prasad
tquaarUN,Annapurna Studio,Annapurna Studio,17.42368170511685,78.42489614303223,ANNAPURNA STUDIO twd Koti
dXemqBWm,Lv Prasad Eye Hospital,Lv Prasad Eye Hospital,17.424,78.428,LV Prasad EYE Hospital twd Punjagutta
1mxfl1ME,Tv9 Office,Tv9 Office,17.426567334517344,78.43837020634331,TV9 twd Punjagutta
y6Kh51iI,Nagarjuna Circle,Nagarjuna Circle,17.427253131546497,78.44500623135492,SULTHAN COLLEGE twd Koti
p8REFkwK,Maithrivanam,Maithrivanam,17.437045451857323,78.44278514385226,MAITHRIVANAM twd Yousufguda
FkZHuszf,State Home,State Home,17.436445146606115,78.43953699038227,STATE Home twd Kondapur
ZhXCxXmg,Yousufguda Basti,Yousufguda Basti,17.436488655496408,78.43367367281407,YOUSUFGUDA Basthi twd Kondapur
Gn0cvdob,Yousufguda Check Post,Yousufguda Check Post,17.43645972430384,78.42808905465697,YOUSUFGUDA CHECK POST twd Kondapur
Uzl4lfDY,Mothinagar X Road,Mothinagar X Road,17.4540953575907,78.4222595393657,MOTINAGAR X ROAD twd Borabanda
Km6BXdHU,Borabanda,Borabanda,17.45417275866018,78.41627687215805,BORABANDA Bus Station
AIKHLZLb,Mothinagar X Road,Mothinagar X Road,17.4542891800416,78.4223168715834,MOTHINAGAR X ROAD twd Erragadda
D9QGYrqD,Yousufguda Basti,Yousufguda Basti,17.43678,78.432168,YOUSUFGUDA Basti  twd Secunderabad
FOye99Qm,Srinagar Colony,Srinagar Colony,17.430231751650126,78.43897371964728,SRINAGAR Colony twd Punjagutta
3Wth2CAI,Osman Nagar,Osman Nagar,17.4418547366987,78.2720839975511,OSMAN NAGAR twd Kollur
Dd51Cr9K,Kollur Double Bed Room,Kollur Double Bed Room,17.434328863253885,78.25696036219598,KOLLUR Double Bedroom twd Kollur
qogLRr9i,Darga,Darga,17.415491506565804,78.39420498382064,DARGA twd Filmnagar
9VtkSrB1,Railway Bridge Twd Lalitabagh,Railway Bridge Twd Lalitabagh,17.345341464803084,78.486955120864,RAILWAY BRIDGE twd Lalitabagh
QUMWwuD6,Care Hospital-Gachibowli,Care Hospital-Gachibowli,17.4309201738183,78.3723289049176,"CARE HOSPITAL, GACHIBOWLI twd RGIA"
6DU6OUtP,Aramghar,Aramghar,17.322197894279398,78.43161371324524,ARAMGHAR X ROADS twd LB Nagar
ZCUbEEKX,Sathamrai,Sathamrai,17.2748023376265,78.4008902430022,SATHAMRAI twd Mehdipatnam
uDEafHkm,Gagan Pahad,Gagan Pahad,17.2929197998045,78.4171591188256,GAGANPAHAD twd Mehdipatnam
FdzfzCbn,Medipally,Medipally,17.410034745305833,78.60356211662294,MEDIPALLY twd JBS
hCkrCbOE,Uppal Depot,Uppal Depot,17.405392053733866,78.58949526988873,UPPAL DEPOT twd Secunderabad
wzVG2qnT,Ramanthapur,Ramanthapur,17.397217163736546,78.53158235549928,RAMANTHAPUR Colony  twd Koti
NtsTwkjS,Tilak Nagar,Tilak Nagar,17.394112453286166,78.50860926763069,TILAKNAGAR twd Mehdipatnam
u7Fc9ErH,Barkatpura,Barkatpura,17.395,78.498,BARKATPURA twd Narayanguda
BZjon0sG,Narayanaguda,Narayanaguda,17.400257837481607,78.49007114768028,NARAYANGUDA twd Mehdipatnam
7n1855W7,Himayath Nagar,Himayath Nagar,17.402475603400166,78.4832797959498,HIMAYATHNAGAR twd Mehdipatnam
wuszFLRB,In Bar,In Bar,17.405225698148367,78.48002493381503,INBAR twd Lakdikapul
QwXoY0uV,Liberty,Liberty,17.40641195497385,78.47793145699887,LIBERTY twd Uppal
pQXuSRxs,In Bar,In Bar,17.405346310120475,78.48002762022473,INBAR twd Fever Hospital
R2f0UX4v,Himayath Nagar,Himayath Nagar,17.403382949943925,78.48251936509604,HIMAYAT NAGAR twd Uppal
Yq3JPEYJ,Narayanaguda,Narayanaguda,17.400174654739622,78.49059686064722,NARAYANA Guda twd Uppal
NIknWgGq,Ali Cafe,Ali Cafe,17.38251984859237,78.51804793565577,ALI CAFE twd Uppal
Fuvttp0V,Boduppal Kaman,Boduppal Kaman,17.404896,78.587278,BODUPPAL twd Yadagirigutta
hwwH4jUc,Uppal Depot,Uppal Depot,17.405457039268985,78.58914995844997,UPPAL DEPOT twd Medipally
Q7014tR9,Medipally,Medipally,17.41,78.603,MEDIPALLY twd Ghatkesar
IOGs7PmE,Katedan,Katedan,17.31212018146879,78.43849892405991,KATEDHAN twd Aramghar
Ncgu6OoP,Aramghar,Aramghar,17.3226536775149,78.43287437951963,ARAMGHAR twd MGBS
LtgvwYh2,National Police Academy,National Police Academy,17.3325064121674,78.4391131997108,NATIONAL Police Academy twd Hyderabad
TYww7xzS,Hasan Nagar,Hasan Nagar,17.334870304513988,78.4417793095125,HASAN Nagar twd Bahadurpura
DL2nBeP5,Danamma Jhopdi,Danamma Jhopdi,17.336885955231267,78.44939074833074,DANAMA JHOPDI twd Bahadurpura
we1t6UcD,Miralam Tank,Miralam Tank,17.34096840474753,78.45040806083348,MIR Alam Tank Filter Beds twd Hyderabad
sLmnrMSX,Tadbund,Tadbund,17.345298121307625,78.45073520839281,TADBUND twd Bahadurpura
A5AwwQHd,Zoo Park,Zoo Park,17.352375,78.45267,NEHRU ZOOLOGICAL PARK KISHAN BAGH twd Hyderabad
PBbH3tM0,Katedan,Katedan,17.311904117652308,78.43841317723063,KATEDHAN twd Sriram Nagar
xVZAdWOQ,Yadagiri Theater,Yadagiri Theater,17.3467825856708,78.50819344976347,YADAGIRI THEATER twd Koti
pcfz4AiZ,Kongara Kalan Village,Kongara Kalan Village,17.199939267029894,78.55056440762014,KONGARA Kalan twd Yeliminedu
72nVMcAa,Wonderla,Wonderla,17.21253235105455,78.52659346913549,WONDER LA X ROD twd Bongloor
9Wj6lb1G,Wonderla,Wonderla,17.216850916932636,78.52769767209153,WONDERLA
12saOR5x,Rr Collectorate,Rr Collectorate,17.189359335918773,78.53086986798688,RR COLLECTORATE-K.Kalan
7giWF6ge,Kurmalguda-Nadargul,Kurmalguda-Nadargul,17.267194048073467,78.51905912160875,KURMALGUDA twd Indra Nagar
XxKLTyzD,Mile Stone,Mile Stone,17.272,78.508,INDRANAGAR
7qtgR7Vl,Kurmalguda-Nadargul,Kurmalguda-Nadargul,17.26720423042954,78.51915031671525,KURMALGUDA twd Midhani
7JQGY8aq,Pahadi Shareef,Pahadi Shareef,17.271701796826175,78.4734293925826,PAHADI Sharif
4lZ1ReBK,Hyder Nagar,Hyder Nagar,17.49954,78.383844,HYDERNAGAR twd Koti
SBpjAyzx,Mangalpalle-Ibrahimpatnam,Mangalpalle-Ibrahimpatnam,17.20893515316952,78.595070241742,MANGALPALLE twd Ibrahimpatnam
fP96Ktrp,Mile Stone,Mile Stone,17.186761130107094,78.64904165267946,IBRAHIMPATNAM Bus Depot
pogVY7SA,Hydershakoti,Hydershakoti,17.368686608472714,78.39505791664125,HYDERSHAKOTE twd Mehdipatnam
IEmm4huz,Boats Club,Boats Club,17.428567,78.488812,BOATS Club twd Koti
xTxCnGuv,Dandumailaram,Dandumailaram,17.231001482383697,78.76091392879835,DANDUMAILARAM twd Choutupal
9FFAPE8x,Narrepalle,Narrepalle,17.2597817261462,78.73451823959105,NARREEPALLE twd Polkampally
0481ggli,Pahadi Shareef,Pahadi Shareef,17.272412218245556,78.47312726001837,PAHADI Shareef twd Mamidipalli
EfDqrG4w,Omer Colony,Omer Colony,17.269138020025608,78.46621423832754,OMER Colony
SAwLUJiF,Mamidipally,Mamidipally,17.249350751469827,78.45098735252179,MAMIDIPALLY twd Shamshabad
lOzqzi2E,Sri Sai Dharmagiri Kshetram,Sri Sai Dharmagiri Kshetram,17.259246024506293,78.41821342895183,SRI SAI TEMPLE Dharmagiri twd Shamshabad
3IjVrdPo,Rgi Airport,Rgi Airport,17.240784840851973,78.42925068841245,RGI AIRPORT
fKjLfk9G,Chintapatla,Chintapatla,17.009512167206164,78.68664890527727,CHINTHAPATLA X Road twd Chinthapatla
ULoD3Z9g,Thammaloniguda X Road,Thammaloniguda X Road,16.986794939260527,78.71117100119592,THAMMALONIGUDA X RAOD twd Mall
46ERbs1N,Mall Bs,Mall Bs,16.967384425889364,78.7297171354294,MALL twd Devanakonda
LOnsDDDd,Cherlapatelguda X Road,Cherlapatelguda X Road,17.180483202895026,78.63693952560426,CHERLAPATELGUDA X ROAD twd Veliminedu
BoJqNEvb,Rajamahendra College,Rajamahendra College,17.174958157227692,78.63586662706234,RAJAMAHENDRA COLLEGE twd Cherlapatelguda
H5g5Piv2,Cherlapatelguda,Cherlapatelguda,17.167951855231742,78.63382279872896,CHERLAPATELGUDA VILLAGE twd Kappad
9UirTnPr,Yeliminedu,Yeliminedu,17.14404032208543,78.59487173763307,YELIMINEDU twd Madapuram
Ea0iAjDN,Timmapur X Roads,Timmapur X Roads,17.143,78.589,THIMMAPUR X ROAD twd Madapuram
IobWZ0kF,Madhapur-Kandukur,Madhapur-Kandukur,17.128179638819233,78.58152508542771,MADHAPUR twd Gumadavely
4C1MiLTY,Middle Tank Band,Middle Tank Band,17.42345794579015,78.48591774702074,MIDDLE TANK BUND twd Mehdipatnam
w6P4lO4H,Pahadi Shareef,Pahadi Shareef,17.27239468074859,78.47308739162686,PAHADI Shareef twd Charminar
Z2OYHC3k,Middle Tank Band,Middle Tank Band,17.42226794022787,78.48501920700075,MIDDLE TANK BAND twd Secundrabad
7jgUzTnU,Madhapur-Kandukur,Madhapur-Kandukur,17.12833343366185,78.58140169916624,MADHAPUR twd Ibrahimpatnam
9bEpBrTN,Timmapur X Roads,Timmapur X Roads,17.142889539480393,78.58937323093416,THIMMAPUR X ROAD twd Ibrahimpatnam
w240eneK,Yeliminedu,Yeliminedu,17.144060825812947,78.59475373288305,YELIMINEDU twd Ibrahimpatnam
PnphYJMt,Begumpet-Kandukur,Begumpet-Kandukur,17.108051923052965,78.55358183383943,BEGUMPET twd Gummadavelly
n2x8pfPj,Jp Dargha,Jp Dargha,17.06764640376279,78.30214351380563,JP DARGHA twd Afzalgunj
s23jTZo2,Inmul Narwa,Inmul Narwa,17.08429414167132,78.29920922148646,INMUL NARVA twd Afzalgunj
hZ8RpBFl,Satyahousing-Kothur,Satyahousing-Kothur,17.102983767684805,78.29595297643517,SATYAHOUSING twd Afzalgunj
51i3b5Ai,Mekaguda-Kothur,Mekaguda-Kothur,17.10773405554428,78.29480771987708,MEKAGUDA twd Afzalgunj
9DAeaCCH,Rangapur-Kothur,Rangapur-Kothur,17.121007605937766,78.29173396193586,RANGAPUR twd Afzalgunj
VHv8XPql,Natco,Natco,17.136015320348186,78.28570151029045,NATCO twd Afzalgunj
WCJaqJRx,Kothur-Shadnagar,Kothur-Shadnagar,17.15,78.29,KOTHUR twd Hyderabad
bBLbIL6H,Thimmapur-Kothur,Thimmapur-Kothur,17.1680005614305,78.29830131319314,TIMMAPUR twd Afzalgunj
EYOccjEX,Palmakole,Palmakole,17.185573447947046,78.30595756292306,PALMAKULA twd Afzalgunj
qdx4cCDM,Madanpally,Madanpally,17.198960615940948,78.3223941922188,MADANAPALLY twd Afzalgunj
0S8B6btL,Peddashapur,Peddashapur,17.219,78.342,PEDDA SHAPOOR twd Shamshabad
Sf8dZ8yk,Gansimiya-Guda,Gansimiya-Guda,17.225926452799165,78.3471322330354,GHASMIYAGUDA twd Afzalgunj
rWIOODFe,Gandiguda,Gandiguda,17.23,78.352,GANDIGUDA twd Shamshabad
wnb2jyRf,Kishanguda,Kishanguda,17.25307542446084,78.37903439718579,KISHANGUDA SHM twd Afzalgunj
TqbzRh9L,Afzalgunj,Afzalgunj,17.374,78.476,AFZALGUNJ twd Koti
v69ltsCr,Guvvaleti X Roads,Guvvaleti X Roads,17.377359399250413,78.7335258726689,GUVVALETI X Road twd Pillaipally
m35QCVzJ,Pillai Palle,Pillai Palle,17.375175933387414,78.73866499018278,PILLAIPALLY VILLAGE twd Juloor
WqrBuvb5,Jnnurm Colony,Jnnurm Colony,17.318753907804805,78.67620036005977,JUNURM Colony twd Junurm Colony
RMiuR7Lj,Jnnurm Colony,Jnnurm Colony,17.322,78.678,JNNURUM Colony Hyd
52RJK0Px,Tarnaka,Tarnaka,17.424928,78.535651,TARNAKA-IICT twd Uppal
CHr4jZcC,Langar House,Langar House,17.374015,78.417593,LANGAR HOUSE (Bapu Nagar) twd Sedam
11LODEPw,Mangalpalle-Ibrahimpatnam,Mangalpalle-Ibrahimpatnam,17.209,78.595,MANGALPALLE twd Kongara
t3K4SmA3,Saheb Guda X Roads,Saheb Guda X Roads,17.206403750707388,78.57445477568069,SAHEBGUDA X ROAD twd Kongara
itxD28XB,Saheb Guda X Roads,Saheb Guda X Roads,17.206506238229398,78.57449232442872,SAHEBGUDA X ROAD twd Mangalpally
UMQil1uC,Turkaguda-Ibrahimpatnam,Turkaguda-Ibrahimpatnam,17.153,78.619,TURKAGUDA twd Kappad
jhXFqJE3,Kappapahad,Kappapahad,17.142,78.616,KAPPAD twd Veliminedu
7E1D5fCY,Kappapahad,Kappapahad,17.142,78.616,KAPPAD twd Ibrahimpatnam
utsKX4NJ,Turkaguda-Ibrahimpatnam,Turkaguda-Ibrahimpatnam,17.15288258520033,78.61898481845857,TURKAGUDA twd Ibrahimpatnam
IBwewgdL,Rajamahendra College,Rajamahendra College,17.17507091281185,78.63560916113484,RAJAMAHENDRA COLLEGE twd Ibrahimpatnam
XWbwz8Vw,Cherlapatelguda X Road,Cherlapatelguda X Road,17.180567611302042,78.63688588142396,CHERLAPATELGUDA X ROAD twd Ibrahimpatnam
ipjaohcC,Shaheen Nagar,Shaheen Nagar,17.2959304426799,78.4776407852768,SHAHEEN Nagar twd Maheshwaram
Lx7phFec,Shaheen Nagar,Shaheen Nagar,17.2958945897311,78.4778456389904,SHAHEEN Nagar twd Koti
CZt2LyDL,Gandicheruvu X Rds,Gandicheruvu X Rds,17.30956124643898,78.6475744913185,GANDICHERUVU X ROAD twd Koheda
7w7c80aF,Vinobha Nagar,Vinobha Nagar,17.206511359934233,78.66754353046419,VINOBA NAGAR twd Choutupal
73D9ySDd,National Security Guard (Nsg),National Security Guard (Nsg),17.211971255281554,78.6748579144478,NSG twd Choutupal
f2PHZLVq,Naganpalle-Ibrahimpatnam,Naganpalle-Ibrahimpatnam,17.21677767452503,78.68929356336595,NAGANPALLE twd Choutupal
93zfZniC,Zphs Nagan Pally,Zphs Nagan Pally,17.216,78.694,ZPHS NAGAN PALLY twd Choutupal
Yp0IpBwm,Polkampally-Ibrahimpatnam,Polkampally-Ibrahimpatnam,17.223,78.708,POLKAMPALLY twd Choutupal
t0KcL4ix,Manyaguda-Ibrahimpatnam,Manyaguda-Ibrahimpatnam,17.22417408947708,78.71634363584525,MANYAGUDA twd Polkampally
WGLjFpFq,Polkampally-Ibrahimpatnam,Polkampally-Ibrahimpatnam,17.22298279220422,78.70811730623247,POLKAMPALLY twd Ibrahimpatnam
r4hWhDPZ,National Security Guard (Nsg),National Security Guard (Nsg),17.212101921848838,78.67506980895996,NSG twd Ibrahimpatnam
aCoVNffK,Vinobha Nagar,Vinobha Nagar,17.206373002914134,78.66740942001344,VINOBA NAGAR twd Ibrahimpatnam
iQCk21iO,Raipole-Ibp,Raipole-Ibp,17.204,78.715,RAIPOL twd Choutupal
ZTY0YgPN,Muknoor-Ibrahimpatnam,Muknoor-Ibrahimpatnam,17.206014299046895,78.75105544924737,MUKKUNUR twd Choutupal
fyqTulQZ,Gold Coast,Gold Coast,17.263080447242448,78.76202701370964,GOLD COAST twd Thupranpet
3ap1EB6x,Gudur Toll,Gudur Toll,17.485596104242347,78.82136823043174,GUDUR TOLLPLAZA twd Bibinagar
BuHycseK,Bhuvanagiri Bs,Bhuvanagiri Bs,17.51623139876291,78.88670419311049,BHUVANAGIRI Bus Station
GcJT3puP,Gadda Mallaiguda,Gadda Mallaiguda,17.098,78.686,GADDAMALLAIH GUDA twd Rangapur
OTgdnMIz,Rangapur-Manchal,Rangapur-Manchal,17.09070373603157,78.71402889490129,RANGPUR twd Loyapally
dm06utsy,Bugga Tanda X Road,Bugga Tanda X Road,17.07759472691611,78.7425755913023,BUGGA Thanda X Road twd Shivannaguda
YZl4ujwL,Yellamma Thanda-Manchal,Yellamma Thanda-Manchal,17.069543786257512,78.75257492065431,YELLAMMA THANDA twd Loyapally
j6p1ZYqH,Bodakonda Penikarla,Bodakonda Penikarla,17.061307945398667,78.77688648641099,BODA KONDA twd Loyapally
5hCo5QQn,Kurravni Thanda,Kurravni Thanda,17.060282187959626,78.79199268082014,KURRAVNI Thanda twd Loyapally
XmD6R3d7,Sathi Thanda-Manchal,Sathi Thanda-Manchal,17.055961490050684,78.80198657512663,SATHI THANDA twd Loyapally
zMP4NMAh,Amboth Thanda,Amboth Thanda,17.05022506929689,78.81618080296025,AMBOTH THANDA twd Loyapally
fNnJvJNJ,Loyapalle-Manchal,Loyapalle-Manchal,17.040854929210806,78.83094906890241,LOYAPALLE twd Shivannaguda
4jFccJHE,Khudabaksh Palle,Khudabaksh Palle,17.031,78.838,KHUDABAKSH PALLE twd Shivannaguda
3wFfualT,Elgapally X Roads,Elgapally X Roads,17.02489315222017,78.83717193962539,ELGAPELLY X Road twd Shivannaguda
TC3LmBAK,Shivanaguda-Marriguda,Shivanaguda-Marriguda,17.00346688329306,78.88718689316666,SHIVANNAGUDEM twd Chandur
sWSe8EcZ,Elgapally X Roads,Elgapally X Roads,17.024775168723437,78.83709667533942,ELGAPELLY X ROAD twd Ibrahimpatnam
sGBMLQB1,Khudabaksh Palle,Khudabaksh Palle,17.031,78.838,KHUDABAKSH PALLE twd Ibrahimpatnam
4HFgT37f,Loyapalle-Manchal,Loyapalle-Manchal,17.04066003095421,78.83097052626765,LOYAPALLE twd Ibrahimpatnam
vy8KCtkp,Amboth Thanda,Amboth Thanda,17.05026607603522,78.81598770782213,AMBOTH THANDA twd Ibrahimpatnam
XrgG5fYh,Sathi Thanda-Manchal,Sathi Thanda-Manchal,17.055912769444916,78.80221188068391,SATHI THANDA twd Ibrahimpatnam
h7lurzZY,Kurravni Thanda,Kurravni Thanda,17.060061668113658,78.7921535943355,KURRAVNI Thanda
uffb44Y9,Bodakonda Penikarla,Bodakonda Penikarla,17.0612437678117,78.77688912489596,BODA KONDA twd Ibrahimpatnam
Jpmcts0o,Yellamma Thanda-Manchal,Yellamma Thanda-Manchal,17.069338661704045,78.7526285648346,YELLAMMA TAHNDA twd Ibrahimpatnam
DOeT9peb,Bugga Tanda X Road,Bugga Tanda X Road,17.077512720507162,78.7424468723418,BUGGA Thanda X Road twd Ibrahimpatnam
60cLoiWz,Rangapur-Manchal,Rangapur-Manchal,17.090778085189278,78.71398329734804,RANGAPUR twd Ibrahimpatnam
HdKAbWMf,Gadda Mallaiguda,Gadda Mallaiguda,17.098,78.686,GADDAMALLAIH GUDA twd Ibrahimpatnam
oAapfc7N,Sarampet-Marriguda,Sarampet-Marriguda,16.993324516491253,78.89858901500703,SARAMPET twd Mall
V2tgp1fS,Indurthi-Marriguda,Indurthi-Marriguda,17.00510486278616,78.90577857052043,INDURTHI twd Namapur
WBT1Bupd,Kottala-Marriguda,Kottala-Marriguda,17.014915765203853,78.91901683260873,KOTTALA twd Namapur
S3qQDbiR,Namapur-Marriguda,Namapur-Marriguda,17.024496,78.927929,NAMAPUR Village
gmNTvWQ0,Ibp Manchal Road,Ibp Manchal Road,17.19313255288748,78.64666655742923,MANCHAL ROAD  twd IBP Busstop
Zokb8dFc,Arkedia,Arkedia,17.17681342020221,78.66606296406006,ARKEDEYA twd Manchal
rlJCFxP3,Seetharampet-Ibrahimpatnam,Seetharampet-Ibrahimpatnam,17.17119621930759,78.67718338966371,SEETHARAMPET twd Manchal
90wJNQZr,Nomula-Manchal,Nomula-Manchal,17.16725993999672,78.68915140628816,NOMULA twd Manchal
Ss1ggtCA,Lingampalle-Manchal,Lingampalle-Manchal,17.165619798959312,78.70117844492528,LINGAMPALLE X Road twd Manchal
QJIBU4qv,Manchal,Manchal,17.160945317440525,78.72066736764904,MANCHAL twd Arutla
Y3XukUlp,Mro Office Manchal,Mro Office Manchal,17.16,78.727,MRO OFFICE MANCHAL twd Arutla
2AgQ9uJf,Arutla-Manchal,Arutla-Manchal,17.134,78.759,ARUTLA
WkGjYCm0,Mro Office Manchal,Mro Office Manchal,17.15991250766642,78.7270537018776,MRO OFFICE MANCHAL twd Ibrahimpatnam
SnX61p1h,Manchal,Manchal,17.160786424003312,78.7206244530062,MANCHAL twd Ibrahimpatnam
77la21Se,Lingampalle-Manchal,Lingampalle-Manchal,17.165440407653445,78.70147883813151,LINGAMPALLE X Road twd Ibrahimpatnam
61SiIPKX,Nomula-Manchal,Nomula-Manchal,17.167249689160272,78.68907630443574,NOMULA twd Ibrahimpatnam
SUJdlKyM,Seetharampet-Ibrahimpatnam,Seetharampet-Ibrahimpatnam,17.171,78.677,SEETHARAMPET twd Ibrahimpatnam
UsHMiDcz,Arkedia,Arkedia,17.176772408077465,78.66589663156884,ARKEDEYA twd Ibrahimpatnam
LYXErHB8,Gummadavalle-Kandukur,Gummadavalle-Kandukur,17.09422894432925,78.57980843297864,GUMMADAVELLE twd A Mailaram
487YYUdv,Gummadavalle-Kandukur,Gummadavalle-Kandukur,17.094290437194463,78.58010084395777,GUMADAVELY twd Ibrahimpatnam
d4kCC1cy,Esi Hospital Nacharam,Esi Hospital Nacharam,17.430825570972353,78.55339944362642,NACHARAM ESI HOSPITAL twd Habsiguda
yYNZOcB8,Cherlapatelguda,Cherlapatelguda,17.167972363455352,78.63368332386018,CHERLAPATELGUDA VILLAGE twd Ibrahimpatnam
DHKVZvkC,Malkeezguda-Yacharam,Malkeezguda-Yacharam,17.016046082878752,78.65699440271976,MALKIZGUDA twd Medipally
cmX18nAD,Nakkarta Medipally,Nakkarta Medipally,17.00094793051611,78.64761467010707,NAKKARTA Medipally twd TADIPARTHY
r8Rwe2px,Nanaknagar-Yacharam,Nanaknagar-Yacharam,16.992,78.626,NANAKNAGAR twd Tadiparthy
PYqeFtWX,Pilli Pally-Yacharam,Pilli Pally-Yacharam,17.005190296215222,78.6041522026062,PILLIPALLY twd TADIPARTHY
t1FQ1DD1,Thatiparthy-Yacharam,Thatiparthy-Yacharam,17.003,78.597,THATIPARTHY twd Kurmidda
Kva030p2,Pilli Pally-Yacharam,Pilli Pally-Yacharam,17.005,78.604,PILLI PALLY twd Yscharam
DJLPPPHy,Nanaknagar-Yacharam,Nanaknagar-Yacharam,16.992113785105097,78.62625360488893,NANAKNAGAR twd Yacharam
3fA9oRrj,Nakkarta Medipally,Nakkarta Medipally,17.001492891782988,78.64751868812395,NAKKARTA Medipally twd Yacharam
LAceO9z3,Malkeezguda-Yacharam,Malkeezguda-Yacharam,17.016106384827737,78.65702122901078,MALKIZGUDA twd Yacharam
V0E8Dph8,Nandiwanaparthy-Yacharam,Nandiwanaparthy-Yacharam,17.045983757657666,78.6346435546875,NANDIWANAPARTHY twd Kandukur
7qlQgUbt,Ayyavariguda-Yacharam,Ayyavariguda-Yacharam,17.049245689053432,78.61525639226241,AYYAVARIGUDA twd Singaram
7z70m6Gv,Nazdik Singaram-Yacharam,Nazdik Singaram-Yacharam,17.040075334965216,78.60774636268617,SINGARAM twd N Wanaparthy
GuAJS3jR,Meerkhanpet,Meerkhanpet,17.046,78.573,MEERKHANPET twd Kandukur
oWSFtcB0,Peddamma Gudi-Kandukur,Peddamma Gudi-Kandukur,17.050040561253414,78.54878336191179,PEDDAMMAGUDI twd Kandukur
lt1Hgn9S,Begarikancha X Roads,Begarikancha X Roads,17.05069978949433,78.54100763966963,BEGARIKANCHA X Road twd Kandukur
uMqSJ0RD,Sarvaravulapalle X Road-Kandukur,Sarvaravulapalle X Road-Kandukur,17.050920122094936,78.53900134563447,SARVARAVULAPALLY X RAOD twd Kandukur
mR7WvDbr,Ntr Thanda-Kandukur,Ntr Thanda-Kandukur,17.053,78.517,NTR Thanda twd Kandukur
CI8ecHST,Debbadaguda,Debbadaguda,17.04691462856112,78.49540487145983,DEBBADAGUDA Village
aKb89bR7,Kandukur (Klky),Kandukur (Klky),17.063636320944603,78.48701415912609,KANDUKUR twd Charminar
ljpad21X,Kandukur X Roads,Kandukur X Roads,17.073,78.474,KANDUKUR X ROAD twd Kandukur
XojHQjhI,Kandukur (Klky),Kandukur (Klky),17.063923222217642,78.48704696604011,KANDUKUR VILLAGE twd Merkhanpet
KA3qI2hh,Ntr Thanda-Kandukur,Ntr Thanda-Kandukur,17.053112595377748,78.51716279720496,NTR Thanda twd Merkhanpet
KVyeeiLe,Thimmaipally,Thimmaipally,17.06533863892996,78.51792308574096,Annojiguda twd kandukur
eao0JkGK,Begarikancha X Roads,Begarikancha X Roads,17.051,78.541,BEGARIKANCHA X ROAD twd Merkhanpet
uzDo9kWB,Peddamma Gudi-Kandukur,Peddamma Gudi-Kandukur,17.05,78.549,PEDDAMMAGUDI twd Merkhanpet
r4XVddU3,Meerkhanpet,Meerkhanpet,17.046270967888976,78.57309222072327,MEERKHANPET twd Yacharam
xM00bmMy,Nazdik Singaram-Yacharam,Nazdik Singaram-Yacharam,17.03994198299231,78.60768735408784,SINGARAM twd Nandivanaparthy
ulNCdY0b,Ayyavariguda-Yacharam,Ayyavariguda-Yacharam,17.04936624686503,78.61517590850781,AYYAVARIGUDA twd N Vanaparthy
X8Ki3Rzb,Nandiwanaparthy-Yacharam,Nandiwanaparthy-Yacharam,17.046,78.635,NANDIWANAPARTHY twd Yacharam
sLZSJiDE,Nanal Nagar,Nanal Nagar,17.392811059721218,78.42686860946675,NANALNAGAR twd Mandi
EpqKIh3K,Bolligutta Thanda,Bolligutta Thanda,17.040433204814303,78.63024473190309,BOLLIGUTTA Thanda
qSVOAjAq,Mehdipatnam,Mehdipatnam,17.395232536631514,78.4391878739413,MEHDIPATNAM twd Koti
32rhonmc,Tallapalli Guda X Road,Tallapalli Guda X Road,17.202970412529403,78.73411595821382,TALLAPALLIGUDA X ROAD twd Choutupal
WORVM9rx,Patelguda-Ibrahimpatnam,Patelguda-Ibrahimpatnam,17.215365993983962,78.5859185470381,PATELGUDA twd Kongara
ohLVF6WS,Kurmidda-Yacharam,Kurmidda-Yacharam,17.032068858564585,78.57425897580316,KURMIDDA twd Mucherla
jtWIrcjg,Kurmidda-Yacharam,Kurmidda-Yacharam,17.03200224617801,78.57420131423137,KURMIDDA twd Mirkhanpet
IV7vOsyE,Kothapeta,Kothapeta,16.98555401457361,78.36735538785818,KOTHAPETA twd Keshampet
NOb4CSHo,Kothapeta-Keshampeta,Kothapeta-Keshampeta,16.9860650147714,78.36649220902295,KOTHAPETA Village
CHfZ5bIV,Bongloor Village,Bongloor Village,17.230748104637172,78.57889115810396,BONGLOOR VILLAGE twd Adibatla
MYr98CJd,Bongloor Model School,Bongloor Model School,17.23540534392205,78.57179403305054,BONGLOOR Model School
oxNGfT8u,Ashramam-Machirevula,Ashramam-Machirevula,17.37291541783831,78.34970695797983,ASHRAM twd Vyas Nagar
TELGI97z,Manchirevula,Manchirevula,17.377799679270478,78.3543191881206,MANCHIREVULA twd Narsinghi
9NaaZczG,Kollur-Shankarpally,Kollur-Shankarpally,17.44268112798566,78.25294910789809,KOLLUR twd Edunagulapally
8ZtgECne,Nampally Public Garden,Nampally Public Garden,17.396278,78.470819,NAMPALLY PUBLIC GARDEN twd Ameerpet
rFapZFee,Potugadda Thanda,Potugadda Thanda,17.027550092334153,78.54692190885545,POTUGADDA Thanda twd Kurmidda
NeIVfhZp,Utlapally-Kandukur,Utlapally-Kandukur,17.014,78.528,UTLAPALLY twd Mucherla
06KZXNee,Mucherla-Kandukur,Mucherla-Kandukur,17.014254568449076,78.51716279983522,MUCHERLA twd Kadthal
q4l40TiU,Mile Stone,Mile Stone,17.01419301290159,78.51075768470764,SAIREDDYGUDA X ROAD twd Kadthal
EPnoHxmM,Mucherla X Road,Mucherla X Road,17.009884075537204,78.49797628802385,MUCHERLA X ROAD twd Mgbs
UsnrEA5a,Kadthal-Rr,Kadthal-Rr,16.9856893324314,78.50169718209136,KADTHAL twd MGBS
YdHCsSr5,Rajkhanguda-Amangal,Rajkhanguda-Amangal,16.9666763589115,78.47601767830128,RAJKHANGUDA twd Kadthal
JWkL1mNV,Takrajguda,Takrajguda,16.965588765785203,78.4737646083418,TAKRAJGUDA twd Shamshabad
4p3x4PXv,Madharam,Madharam,16.95836150132437,78.44868601893215,MADARAM GATE twd Midjil
CgxNzI0W,Madharam,Madharam,16.968010395921713,78.44978570938112,MADHARAM
QXRzGrTT,Natkhanpalli,Natkhanpalli,16.978,78.439,NYAMATHAPUR twd Shamshabad
RVjfiBwU,Ravichedu,Ravichedu,16.982,78.424,RAVICHEDU twd Shamshabad
WjtcTy3R,Santhapur,Santhapur,16.989,78.381,SANTHAPUR twd Shamshabad
9Z5UAcSc,Takrajguda,Takrajguda,16.96566812486543,78.47366809619369,TAKRAJGUDA twd Kadthal
HtidYNDr,Gollamada,Gollamada,17.014,78.51,SAIREDDYGUDDA X RAOD twd Mucherla
ItJmcckn,Mucherla-Kandukur,Mucherla-Kandukur,17.014218661048837,78.51705550858135,MUCHERLA twd Kurmidda
17V50XXp,Gollamada,Gollamada,17.013910883050016,78.52775216102602,UTLAPALLY twd Kurmidda
9LLVxVFS,Mangalgadda Thanda,Mangalgadda Thanda,17.027242336257178,78.55290591716768,MANGALGADDA Thanda twd Kurmidda
7ULzpej4,Gurramguda Village,Gurramguda Village,17.294,78.566,GURRAMGUDA twd Bn Reddy
kWBQadw4,Dondaguda,Dondaguda,17.20724638283983,78.71976177607722,DONDAGUDA twd Choutupal
CGiGD1ZR,Begumpet-Kandukur,Begumpet-Kandukur,17.108036541897665,78.5534691810608,BEGUMPET twd Lemoor
unZFDH1M,Rachloor-Gate,Rachloor-Gate,17.114740041648428,78.53707013765249,RACHLOOR twd Begampeta
9K4U2vil,Lemoor,Lemoor,17.138345844748386,78.5153020170171,LEMOOR twd Afzalgunj
omv3o75s,Cherikonda Palakurthy,Cherikonda Palakurthy,16.9191785195685,78.6423736757394,SARIKONDA PALAKURTHY
w4GPe1x8,Mudwin-Amangal,Mudwin-Amangal,16.90426363410312,78.60312759876253,MUDVIN twd Akuthotapally
JSCX94jF,Akuthotapalle,Akuthotapalle,16.870965850186902,78.60108375067011,AKUTHOTA PALLY twd Nallorpally
EIwqtWnu,T Gowraram Village,T Gowraram Village,16.89103142,78.60910184,GAURARAM twd Mall
vTWj27WS,Mudwin-Amangal,Mudwin-Amangal,16.907678081155552,78.60488177473835,MUDWIN twd Mall
Bm66gatf,Pallecheluku Thanda,Pallecheluku Thanda,16.976173353239062,78.6422770463283,PALLECHELUKU Tanda twd MGBS
dtGFrCA2,Jbs,Jbs,17.4492570858197,78.4963840618729,JBS twd Hakimpet
mZSyd8DJ,Pallecheluku Thanda,Pallecheluku Thanda,16.976093944367136,78.64238712675878,PALLECHELUKU Tanda twd Singampally
bgBYgZvF,Akuthotapalle,Akuthotapalle,16.870897963602285,78.601223217293,AKUTHOTAPALLY twd Amangal
J1P6yT5i,Pavurala Gutta Twd Choutuppal,Pavurala Gutta Twd Choutuppal,17.250293592919725,78.76213426606984,PAVURALA GUTTA twd Choutuppal
tZwTfy0R,Malkapur-Choutppal,Malkapur-Choutppal,17.27618401660805,78.79801153452097,MALKAPUR twd Choutuppal
r6Oldi3M,Malkpur Darga Twd Choutuppal,Malkpur Darga Twd Choutuppal,17.27576397697926,78.80852579697098,MALKPUR DARGA twd Choutuppal
zAXxwkiL,Mandollagudem Choutuppal,Mandollagudem Choutuppal,17.2791258482614,78.7896521016955,MANDOLLAGUDEM twd Mgbs
cIdVEBO2,Naganpalle-Ibrahimpatnam,Naganpalle-Ibrahimpatnam,17.216770948332186,78.68929624494007,NAGNPALLY twds Ibrahimpatnam
RoS6Hg7y,Patelguda-Ibrahimpatnam,Patelguda-Ibrahimpatnam,17.215545336937062,78.58588099672562,PATELGUDA twd Ibrahimpatnam
8UdcQVgL,Spoorthy Engg Clg,Spoorthy Engg Clg,17.282104183831244,78.55371135087348,SPOORTHY ENGG CLG twd BN Reddy
jEu8ygkt,Durga Nagar,Durga Nagar,17.3179941522541,78.4372558516071,DURGA Nagar twd Aramghar
7ii0suqV,Ravichedu,Ravichedu,16.983166663797473,78.41646193803301,RAVICHEDU twd Kadthal
NScYw2z8,Bhavani Colony,Bhavani Colony,17.327138685536333,78.41980698887969,BHAVANI COLONY TWD SHIVARAMPALLY
xkOHgS7d,Gandicheruvu,Gandicheruvu,17.293032093675144,78.6725002527237,GANDICHERUVU Village
xjCowLBK,Mallareddy Farm,Mallareddy Farm,17.044,78.462,MALLAREDDY FARM twd Maheshwaram
0edJqsBl,Nednur,Nednur,17.034592281523093,78.44918489193532,NEDNUR Village
lwlvat8e,Manyamguda-Kandukur,Manyamguda-Kandukur,17.028719560809467,78.45422744382739,MANYAMGUDA
KsWFMBiQ,Mile Stone,Mile Stone,16.990889253862857,78.4552418884,MADARAM TANDA twd Manyamguda
kvoBhezp,Charminar,Charminar,17.3596188846707,78.4743289276957,CHARMINAR Gate twd Falaknama
PCUSxZud,Gandhamguda,Gandhamguda,17.36932148582973,78.38027357961766,GANDHAMGUDA twd Mehdipatnam
oRed9y3b,Shaikpet Nala,Shaikpet Nala,17.4060095123641,78.4034026041627,SHAIKPET NALA twd Gachibowli
bwFZ9X6G,Cyber Colony,Cyber Colony,17.448196348319883,78.26926231604817,CYBER Colony
fJcafzTD,Kollur Doublebedroom Township,Kollur Doublebedroom Township,17.432,78.2551,KOLLUR DOUBLEBEDROOM TOWNSHIP
IsuWvFLb,K K Basti,K K Basti,17.031986848487705,78.44719473608112,KK BASTHI twd Maheshwaram
EDida7yX,Bell Company,Bell Company,17.43847754753831,78.57936680315562,BELL COMPANY
pAFHHHY0,Habsiguda,Habsiguda,17.419199,78.541818,HABSIGUDA X ROAD
0wVT2KfQ,Kollur Double Bed Room,Kollur Double Bed Room,17.43446248481722,78.25706456346103,KOLLUR Double Bedroom twd Osman Nagar
tkoNn5fz,Osman Nagar,Osman Nagar,17.44213595951203,78.27197669066459,OSMAN NAGAR twd Lingampally
8PZW6YGq,Tellapur,Tellapur,17.46296428268626,78.28737258911134,TELLAPUR X Roads twd Mehdipatnam
BVhrJEvM,Pedda Amberpet Checkpost,Pedda Amberpet Checkpost,17.32026209902649,78.64162803485306,PEDDA Amberpet Checkpost twd Hayathnagar
hACbaiKT,Jana Priya Apartment-Erragadda,Jana Priya Apartment-Erragadda,17.4570231420879,78.428674377501,JANAPRIYA APARTMENTS twd Mothinagar
2mEo8KpE,Panduranga Nagar,Panduranga Nagar,17.4557029562537,78.42537765355938,PR Nagar twd Borabanda
ArWsmYQb,Kabeer Nagar Hyd Bus Stop,Kabeer Nagar Hyd Bus Stop,17.4567145019597,78.4225123375654,KABEER Nagar twd Yusufguda
8fEfdoN9,Mothinagar,Mothinagar,17.454239224478133,78.42269271282068,MOTI Nagar twd Borabanda
Dwmsugb0,Kabeer-Mothinagar,Kabeer-Mothinagar,17.454367193261607,78.42269539998118,MOTI NAGAR twd ERRAGADA
IZj7iRiz,Panduranga Nagar,Panduranga Nagar,17.4558564290942,78.4252595323817,PR Nagar TWD ERRAGADA
DTSVqwwq,Jana Priya Apartment-Erragadda,Jana Priya Apartment-Erragadda,17.45714082857388,78.42864856123924,JANAPRIYA APPARTMENTS twd Moosapet
msIpXtQ1,Katikapally,Katikapally,17.100832894498232,78.50156307939397,KATIKAPALLY X Road twd Gudoor
6iuL2ui7,Malagudur,Malagudur,17.084204594261045,78.50282368993376,MALAGUDUR twd Charminar
0erFpeic,Gudur Village,Gudur Village,17.095395388641837,78.49881918197046,GUDUR VILLAGE twd Charminar
Fd4gyBPr,Gudur Village,Gudur Village,17.095431248485788,78.49879367222054,GUDUR Village twd Lemoor
Zf63Eqks,Malagudur,Malagudur,17.084864759447036,78.50134876643534,MALAGUDUR twd Anojiguda
E0Q8spQL,Katikapally,Katikapally,17.093152158683637,78.51676041772251,KATIKAPALLY twd Rachloor
mDFEttJ5,Gudoor Gate,Gudoor Gate,17.114604413152364,78.50442775420261,GUDURX ROD twd Anojiguda
uBRC6E1v,Abids Gpo,Abids Gpo,17.388783479337054,78.47640392706282,ABIDS twd Nampally
bhpEb5hI,Musheerabad-2 Depot,Musheerabad-2 Depot,17.40818310303907,78.50384436213037,MUSHEERABAD-2 Bus Depot
QFP7D7M1,Ashoknagar Rtc X Rd,Ashoknagar Rtc X Rd,17.409375667074343,78.48949850017856,ASHOK Nagar twd Secunderabad
T2ndhAnx,Canara Bank Gandhi Nagar,Canara Bank Gandhi Nagar,17.411886413364645,78.48864019932292,CANARA Bank twd Secunderabad
CwIAwcWK,Gandhi Nagar-Kavadiguda,Gandhi Nagar-Kavadiguda,17.41583917466526,78.48914846534619,GANDHI Nagar twd Secunderabad
rpJghdtI,P T Colony Bus Stop,P T Colony Bus Stop,17.418603049228775,78.4911614052787,P&T COLONY BUS STOP twd Secunderabad
Eo7vF4IS,Padmashali Colony,Padmashali Colony,17.422142539132054,78.49360093311029,PADMASHALI Colony twd Secunderabad
HphK3ZyB,Padmashali Colony,Padmashali Colony,17.42280023407035,78.49410450408847,PADMASHALI COLONY twd Koti
9fI5Bs5Z,P&T Colony Ashoknagar,P&T Colony Ashoknagar,17.41852000468204,78.49117890015904,P&T COLNY twd Nampally
9NfCcZgY,Gandhi Nagar-Kavadiguda,Gandhi Nagar-Kavadiguda,17.41559591715823,78.48914176167612,GANDHI Nagar twd Koti
lFQnF9fq,Ashoknagar Rtc X Rd,Ashoknagar Rtc X Rd,17.408921432713964,78.48959773778917,ASHOK Nagar twd Koti
GNKmoUi8,Budwel Station Twd Aramghar,Budwel Station Twd Aramghar,17.3027877968147,78.41989520696971,BUDWEL STATION twd Aramghar
xw8rYt7c,Lb Nagar,Lb Nagar,17.349388405109917,78.55304927159713,LB NAGAR PUSHPAK BUS STOP  twd Secunderabad
CIwk8sty,Shiva Narayana Puram,Shiva Narayana Puram,17.3039581250592,78.52976649986614,SHIVANARAYANAPURAM Bus Stand
q9UwsNFs,Srisri Homes,Srisri Homes,17.297052,78.548187,SRI Sri Homes
WRWow6QC,Walanthari,Walanthari,17.3231,78.3819,WALANTHARI twd RajendraNagar
8Z7GErO0,Paradise,Paradise,17.4450481614948,78.4870630502701,PARADISE Water Tank twd Patancheru
GIe8C9hg,Cto,Cto,17.450395400585613,78.48666074225532,CTO twd Medchal
87ngmWcl,Tadbund,Tadbund,17.45646278230759,78.48426282588864,TADBUND twd Patancheru
BzrsSycc,Ashish Garden Bus Stop,Ashish Garden Bus Stop,17.45755916942138,78.47801730816455,ASHISH Garden twd Patancheru
6WVFTmsv,Bowenpally,Bowenpally,17.465190195884468,78.47266227053588,BOWENPALLY Police Station twd Medchal
NdEU2LSO,Bowenpally Checkpost,Bowenpally Checkpost,17.47587701695448,78.47371099988511,BOWENPALLY CHECK POST twd Medchal
KDc0jQfn,Nandamuri Nagar,Nandamuri Nagar,17.48013160563152,78.47297072410585,NANDAMURI Nagar twd Nirmal
XNEqxypB,Dairy Farm-Bowinpally,Dairy Farm-Bowinpally,17.4873310037032,78.4733722080991,DAIRY FARM twd Medchal
M2FzfisB,Suchitra X Road,Suchitra X Road,17.500383637841455,78.47722068428995,SUCHITRA Circle twd Nirmal
SRDhnXIq,Jeedimetla Village,Jeedimetla Village,17.508909,78.479253,JEEDIMETLA VILLAGE twd Medak
y1muWDXW,Angadipet,Angadipet,17.5139360687993,78.47959343343969,ANGADIPETA twd Kompally
XMelem9c,Balaji Hospital Kompalli,Balaji Hospital Kompalli,17.51858015,78.48162688,BALAJI HospitalKompally twd Medchal
jBlNbTvB,Ncl North Avenue,Ncl North Avenue,17.52563124323894,78.48420113498389,NCL NORTH twd Medchal
bvCB1f2T,Poultry Farm (Cineplanet Kompally),Poultry Farm (Cineplanet Kompally),17.52894597597308,78.48626106977464,POULTRY FARM twd Medchal
zMJBryNH,Prajaya Aprts - Kompally,Prajaya Aprts - Kompally,17.531881,78.488056,PRAJAY Apartment twd Medchal
Dma306Us,Doolapally X Road,Doolapally X Road,17.54101264029087,78.49078327417375,DOOLAPALLY X Road twd Medchal
6KuJg9Zb,Kompally,Kompally,17.544708,78.491754,KOMPALLY twd Medchal
4Wi8zMH6,Kompally Bridge,Kompally Bridge,17.564408293047858,78.49336946729672,KOMPALLY BRIDGE twd Medchal
nRZq5yDb,Gundla Pochampally,Gundla Pochampally,17.569052,78.49356,GUNDAPOCHAMPALLY twd Medchal
GpbQUD6j,Prestige Park Gundlapochampally,Prestige Park Gundlapochampally,17.576509683520527,78.49168717861177,PRESTIGE PARK twd Medchal
1eqxqeHO,Damber Factory,Damber Factory,17.57919962465781,78.4907913382261,DAMBER FACTORY twd Medchal
ez2XDrI6,Kandlakoya,Kandlakoya,17.59133194,78.4927718,KANDLAKOYA twd Nirmal
RRTZl43p,Kirloskar,Kirloskar,17.60083013223446,78.49203588227546,KIRLOSKAR twd Medchal
RI2R5nuN,Cmr College,Cmr College,17.60385525,78.49075075,CMR COLLEGE twd Medchal
cfjBvkFA,Ida Medchal,Ida Medchal,17.61149869,78.4872565,IDA twd Medchal
Gi9qTPby,Medchal Checkpost,Medchal Checkpost,17.6173996200387,78.4857561439275,MEDCHAL CHECK POST twd Medchal
AAUzdTTg,Medchal,Medchal,17.634206695645183,78.48574896426103,MEDCHAL Bus Station
akyDpNkg,Medchal Checkpost,Medchal Checkpost,17.617943464131216,78.48582927613064,MEDCHAL CHECKPOST twd kompally
rVqgqGNI,Ida Medchal,Ida Medchal,17.61189015,78.48740503,IDA twd Kompally
cEWk9f63,Cmr College,Cmr College,17.60400020095634,78.49095223048457,CMR COLLEGE twd Kompally
ukLe77CU,Kirloskar,Kirloskar,17.600881643353286,78.492320100592,KIRLOSKAR twd Kompally
WV52ABgC,Kandlakoya,Kandlakoya,17.5914732026071,78.4931184723973,KANDLAKOYA twd JBS
kzAhOdsk,Damber Factory,Damber Factory,17.57927,78.491087,DAMBER FACTORY twd Kompally
XZr8owNb,Prestige Park Gundlapochampally,Prestige Park Gundlapochampally,17.576678444708637,78.49175691604616,PRESTIGE PARK twd Kompalli
qZljXt6V,Gundla Pochampally,Gundla Pochampally,17.569194,78.493857,GUNDLA POCHAMPALLY twd Secunderabad
84FMkcwT,Kompally Bridge,Kompally Bridge,17.564598335344815,78.49365983710132,KOMPALLY BRIDGE twd Kompally
vnheouUu,Kompally,Kompally,17.544481,78.492045,KOMPALLY twd JBS
C9BknzJI,Doolapally X Road,Doolapally X Road,17.54009961398635,78.49093079566957,DOOLAPALLY X ROAD twd Suchitra
FW800vbH,Prajaya Aprts - Kompally,Prajaya Aprts - Kompally,17.531005,78.487942,PRAJAY Kompally twd Secunderabad
NzPbTG5y,Poultry Farm (Cineplanet Kompally),Poultry Farm (Cineplanet Kompally),17.528861921320768,78.4866312146187,POULTRY FARM twd Secunderabad
2wY2TigE,Ncl North Avenue,Ncl North Avenue,17.525985,78.484684,NCL NORTH twd Secunderabad
COB7XRKn,Balaji Hospital Kompalli,Balaji Hospital Kompalli,17.51879212,78.48197658,BALAJI HOSPITAL KOMPALLY twd Secunderabad
fd9DsAln,Angadipet,Angadipet,17.5138014607382,78.47980502005836,ANGADIPET twd Secunderabad
rTz6wUu6,Jeedimetla Village,Jeedimetla Village,17.508392,78.479482,JEEDIMETLA Village twd Secunderabad
n1PUbyM2,Suchitra X Road,Suchitra X Road,17.499658,78.477149,SUCHITRA Circle twd MGBS
VJCczbY7,Dairy Farm-Bowinpally,Dairy Farm-Bowinpally,17.486813904305993,78.47343743096377,MILATRY Dairy Farm twd Secunderabad
AEwxUxGw,Nandamuri Nagar,Nandamuri Nagar,17.48014695571729,78.473539352417,NANDAMURI Nagar twd MGBS
RSbdvsMT,Bowenpally Checkpost,Bowenpally Checkpost,17.475889176038,78.4739145264029,BOWENPALLY CHECK POST twd Secnderabad
Dwpbg49S,Bowenpally,Bowenpally,17.46517744874313,78.47288757562639,BOWENPALLY Police Station twd JBS
Nc1ckrY4,Ashish Garden Bus Stop,Ashish Garden Bus Stop,17.45723552409137,78.47845315269024,ASHISH GARDEN twd Secunderabad
5GtdDzzi,Tadbund,Tadbund,17.456487,78.483953,TADBUND twd Secunderabad
13mpW2T3,Cto,Cto,17.450472813367018,78.486891375513,CTO twd Secunderabad
TPgOb0vV,Paradise,Paradise,17.443503,78.488141,"PARADISE X ROAD, SURYA TOWERS twd Secunderabad"
alAZZ1u5,Patny,Patny,17.44324671369289,78.49490046501161,PATNY twd Uppal
RhnPIEYO,Ymca Secunderabad,Ymca Secunderabad,17.441944230058667,78.49877895200494,YMCA BUS STOP twd Secunderabad  Railway Station
DVWA6OOC,Ansari Road,Ansari Road,17.295851,78.482675,ANSARI ROAD twd Kothapet
mNJBmFWn,Venkatapuram,Venkatapuram,17.297171,78.488983,VENKATAPUR twd Kothapet
oZbPPWh4,Venkatapuram,Venkatapuram,17.297110357742202,78.48905602362846,VENKATAPUR twd Charminar
YALM35XF,Ansari Road,Ansari Road,17.295817118921097,78.48272335417518,ANSARI ROAD twd Charminar
isHG9Bvl,Barkas,Barkas,17.31563602,78.47897049,BARKAS twd Koti
gduZCR7Z,Iiit,Iiit,17.444325,78.351854,IIIT twd WIPRO
EtcFXW6q,Infosys,Infosys,17.437043,78.347696,INFOSYStwd WaveRock
GUKCcy8w,Icici Junction,Icici Junction,17.421817593676224,78.3380489159797,ICICI Junction twd Gar Kokapet
2TKCXvG2,Infotech,Infotech,17.420333204951906,78.33709001541139,INFOTECH twd Kokapet
xDuZgZVu,Waverock,Waverock,17.419155472420485,78.34727159126253,WAVEROCK
fQhlcnDd,Infotech,Infotech,17.42032808657743,78.33699077367784,INFOTECH twd Gachabowli
ng3PytdJ,Icici Junction,Icici Junction,17.422299365015,78.33820784694036,ICICI Junction twd Gachibowli
LpMsCjvi,Infosys,Infosys,17.436867,78.347239,INFOSYS twd GachIbowli
Hvpkdg2w,Rethibowli,Rethibowli,17.396058,78.431656,RETHI BOWLI twd Mehdipatnam
EIzwAraT,Quba Colony,Quba Colony,17.2943,78.4711,QUBA COLONY twd Mohammad nagar
M6knPITE,Mohammed Nagar,Mohammed Nagar,17.2954,78.4707,MOHAMMED NAGAR
oS865Fqt,Quba Colony,Quba Colony,17.2942256094,78.4712590086,QUBA COLONY twd Charminar
WhzmZ1aB,Mandollagudem Choutuppal,Mandollagudem Choutuppal,17.2793973308565,78.7905489653348,MANDOLLAGUDEM twd Choutuppal
g0WllZIY,Choutuppal,Choutuppal,17.253828510516662,78.89410972595216,CHOUTUPPAL twd MGBS
Kir3lPIg,Lingoji Guda-Choutuppal,Lingoji Guda-Choutuppal,17.24425331367155,78.92681390320224,LINGOJI GUDA twd Narkatpally
ydmFvuas,Ankireddigudem,Ankireddigudem,17.242245387230152,78.9336732143448,ANKIREDDYGUDA twd Narketpally
QEEXTBZN,Panthangi,Panthangi,17.245774960899908,78.9582279314449,PANTHAGI twd Ankireddigudem
OEQTjjPG,Panthangi,Panthangi,17.24567753195782,78.95819306706763,PANTHANGI twd MGBS
xyrhZaXS,Ankireddigudem,Ankireddigudem,17.242098926162583,78.9336347627042,ANKIREDDYGUDA twd MGBS
s2oQmlTe,Lingoji Guda-Choutuppal,Lingoji Guda-Choutuppal,17.243831943111932,78.9267307516921,LINGOJI GUDA twd MGBS
eX9ZnojV,Ameerpet,Ameerpet,17.431553,78.44765,AMEERPET twd Patancheruvu
nDq6JPyj,Beeramguda Kaman,Beeramguda Kaman,17.50889,78.300277,BEERAMGUDA KAMAN twd Patancheruvu
58ynBJu3,Chintal Basthi,Chintal Basthi,17.408898,78.460376,CHINTHAL Basthi twd Patancheruvu
iJpDG3Az,Irram Manzil,Irram Manzil,17.420752974516326,78.45569724523418,IRRUM MANZIL TWD Patancheruvu
A2vW9yH0,Sr Nagar,Sr Nagar,17.442965253360637,78.44073727726938,SR NAGAR twd Patancheruvu
rsGUZH7X,Bharath Nagar,Bharath Nagar,17.467232084021962,78.42877865316824,BHARATH Nagar twd Patancheruvu
Co93cESq,Moosapet,Moosapet,17.47081310529018,78.4266757867274,MOOSAPET twd Patancheruvu
XxUn73uy,Kphb,Kphb,17.494062,78.400453,KPHB Metro Station twd Patancheruvu
hm60m7mb,Jntu,Jntu,17.496261,78.39441,JNTU X ROAD twd Patancheruvu
ipAmaxcG,Miyapur Metro Station,Miyapur Metro Station,17.496265,78.370945,MIYAPUR Metro Station twd Patancheruvu
hqB2fu5A,Miyapur X Road,Miyapur X Road,17.496480967308223,78.36260927590494,MIYAPUR X Road twd Patancheruvu
UyZDBKX5,Miyapur,Miyapur,17.495772,78.357949,MIYAPUR twd Patancheruvu
ZhW7uvNl,Madeenaguda,Madeenaguda,17.494912,78.340601,MADEENAGUDA twd Patancheruvu
Mtp9jacw,Gangaram,Gangaram,17.4950921682438,78.33270711916356,GANGARAM twd Patancheruvu
o6FSDgLc,Icrisat,Icrisat,17.518553830327,78.2787145288346,ICRISAT twd Patancheruvu
NzMITaYT,Allwyn,Allwyn,17.524761626125688,78.27171920538208,ALLWYN twd Patancheruvu
sXSVD0N7,Vikrampuri,Vikrampuri,17.45526,78.49804,VIKRAMPURI twd Alwal
kcGFN8gk,Karkhana,Karkhana,17.460776333331086,78.50035608219308,KHARKANA twd Alwal
gWSdCVIN,Tirumalagiri,Tirumalagiri,17.47262,78.50982,THIRUMALGIRI twd Alwal
PzAv5tOi,Family Quarters,Family Quarters,17.49098379300429,78.51284444332124,FAMILY QUARTERS twd Secunderabad
bhH3le9H,Lalbazar,Lalbazar,17.47851,78.51104,LALBAZAR twd Secunderabad
JNHOpanH,Tirumalagiri,Tirumalagiri,17.4726,78.51007,THIRUMALGIRI twd Secunderabad
W9P6Xs2C,Karkhana,Karkhana,17.460615401145713,78.50054919455204,KARKHANA twd JBS
Dz6YvX7w,Vikrampuri,Vikrampuri,17.4543860911897,78.498215675354,VIKRAMPURI Karkhana twd JBS
vlr0GajT,Sanath Nagar Railway Station,Sanath Nagar Railway Station,17.4616389287505,78.4315812215209,SANATH NAGAR RAILWAY STATION twd Koti
vc5Q9ECR,Gachibowli,Gachibowli,17.43966327848381,78.36356339708107,GACHIBOWLI twd kondapur
K9DK19kr,Allwyn X Road,Allwyn X Road,17.493109727462922,78.35184279812727,ALLWYN X Road twd Patancheru
RHbH0qLG,Gudur Gate,Gudur Gate,17.09223940434724,78.47462027306192,GUDUR GATE twd Gudur
sEkQpe2C,Mile Stone,Mile Stone,16.99084148234219,78.45581528288535,MADARAM TANDA twd Nednur
g8HuV6Ol,Madharam,Madharam,16.969,78.45,MAKTHAMADHARAM twd Midjil
meRPzYZe,Ibrahimpatnam,Ibrahimpatnam,17.19170305,78.64710845,IBRAHIMPATNAM twd Rahmatabad
4ODyY9jA,Vijaya Hospital-Nagaram,Vijaya Hospital-Nagaram,17.482627511762633,78.59504336944926,VIJAYA HOSPTL twd Nagaram
FPHTZAnQ,Nagaram Ecil,Nagaram Ecil,17.4878519,78.60082392,NAGARAM twd Ghatkesar
GEQfLAZl,Dammaiguda,Dammaiguda,17.501965792796742,78.58896687626839,DAMMAIGUDA twd Balaji Nagar
rhKs1m5z,Ambedkar Nagar Dammaiguda,Ambedkar Nagar Dammaiguda,17.5067288018262,78.58388543128969,AMBEDKARNAGAR Twd Dammaiguda
rE10T21r,Dammaiguda,Dammaiguda,17.50213718143134,78.58883813023569,DAMMAIGUDA twd Secunderabad
dQ9OtAZz,Dammaiguda X Road,Dammaiguda X Road,17.489633060983998,78.6015719035661,DAMMAIGUDA X Road twd ECIL
ihYYcwld,Nagaram Ecil,Nagaram Ecil,17.487935703410667,78.60098585486413,NAGARAM twd ECIL
TZjYc9wD,Vijaya Hospital-Nagaram,Vijaya Hospital-Nagaram,17.482324458452,78.59493653946699,VIJAYA HOSP twd Ecil
Ag0TpmOp,Sv Nagar,Sv Nagar,17.480700849520712,78.59116765376586,SV NAGAR twd Secunderabad
ZGCH1dKv,Chakripuram,Chakripuram,17.47947676422894,78.58536064624788,CHAKRIPURAM twd Nagaram
jdvB3Gdx,Dammaiguda X Road,Dammaiguda X Road,17.48986712007547,78.60157459974289,DAMMAIGUDA X Road twd Rampally
lyYMjoIV,Vivekananda Nagar Clny,Vivekananda Nagar Clny,17.493644098182642,78.41042963161235,VIVEKANANDA NAGAR COLONY twd Jagathgirigutta
Um4jMF5q,Allwyn Colony Phase 1,Allwyn Colony Phase 1,17.50199904732058,78.41888934373856,ALLWYN Colony Phase 1 twd Jagathgiri Gutta
2B7S5lGF,Jagadgiri Gutta,Jagadgiri Gutta,17.50204094,78.42614204,JAGADGIRIGUTTA Bus Station
GtmJe15u,Allwyn Colony Phase 1,Allwyn Colony Phase 1,17.501992012710268,78.41892890632154,ALLWYN Colony Phase 1 twd Kukatpally
cz8agNef,Vivekananda Nagar Clny,Vivekananda Nagar Clny,17.49360848222384,78.41057985992425,VIVEKANANDA Nagar Colony twd Kukatpally
EIEQroOV,Sumithra Nagar-Kukatpally,Sumithra Nagar-Kukatpally,17.489,78.409,SUMITHRA NAGAR twd Kukatpally
x2ZgbKAy,Darga,Darga,17.4119030296672,78.39503110244718,DARGA twd OU colony
kKjN6CpO,Ou Colony,Ou Colony,17.406838749655506,78.39198544629247,OU COLONY twd Manikonda
nI0WwhLc,Panchavati Colony  Manikonda,Panchavati Colony  Manikonda,17.407346147791216,78.38752895593645,PANCHAVATI Colony twd Manikonda
YhwcYGzC,Manikonda,Manikonda,17.406250900428,78.3762257811903,MANIKONDA twd Lanco hills
leMXHA9b,Manikonda,Manikonda,17.4062924904204,78.3762720492947,MANIKONDA twd Darga
7qbKgvw5,Panchavati Colony  Manikonda,Panchavati Colony  Manikonda,17.407392216430136,78.3875222504139,PANCHAVATI Colony twd Darga
jj4Bzhr4,Ou Colony,Ou Colony,17.40685987057295,78.391972033536,OU COLONY twd Mehdipatnam
lSvSL2WV,Indiranagar Colony Ibp,Indiranagar Colony Ibp,17.185105724046487,78.64482152033229,INDIRANAGAR COLONY IBP
nvfpwi8t,Lakdikapool,Lakdikapool,17.40380267308418,78.46484631325988,LAKDIKAPOOL Pushpak twd RGIA
y1LZ3LBS,Allapur-Choutuppal,Allapur-Choutuppal,17.212901304636116,78.83087933032394,ALLAPURAM twd Narayanapuram
yXOkYBup,Yenuganti Thanda,Yenuganti Thanda,17.196393099545112,78.84333550697687,YENUGANTI THANDA twd Narayanapuram
FdyFfsEO,Gandi Mysamma Temple-Abdullahpurmet,Gandi Mysamma Temple-Abdullahpurmet,17.31491164288012,78.67464332693332,GANDIMAISAMMA Temple twd Jnurm
MZVEsSUj,Cherlapally Water Tank,Cherlapally Water Tank,17.471165655107914,78.59695583581926,WATER TANK twd Kushaiguda
EkGOcv1l,Narsinghi,Narsinghi,17.385388,78.354832,NARSING twd Gar
SZi9t2x2,Gachibowli,Gachibowli,17.43806751076506,78.36312352781752,GACHIBOWLI ORR twd Kondapur
BnLJAzFN,Nanakramguda,Nanakramguda,17.419286,78.358024,NANAKRAMGUDA twd Mehdipatnam
esslM7SC,Rampally X Rds,Rampally X Rds,17.4939031333408,78.6055661169933,RAMPALLY X Road twd Bandlaguda
2HvWFMFX,Bandlaguda Village,Bandlaguda Village,17.501472090303935,78.62290889024736,BANDLAGUDA twd Keesara
cCocKmSG,Cheeryal X Road,Cheeryal X Road,17.50705113996524,78.62770200014377,CHEERYAL X ROAD twd DRDO
gwCt5A1q,Cheryal,Cheryal,17.517727924425586,78.627,CHERYAL twd DRDO
huYwNLgV,Yadgarpalle East,Yadgarpalle East,17.547730996244656,78.6325889825821,YADGARPALLE EAST twd DRDO
ERxm6bxS,Yadgarpalle East,Yadgarpalle East,17.547623618681847,78.63250851631166,YADGARPALLE EAST twd ECIL
tc2jAI4J,Cheeryal X Road,Cheeryal X Road,17.506762055478198,78.62791121006013,CHEERYAL X ROAD twd ECIL
ZEraopsv,Bandlaguda Village,Bandlaguda Village,17.501385116668825,78.6230778694153,BANDLAGUDA twd ECIL
EZ3DRKj5,Rampally X Rds,Rampally X Rds,17.493623813834194,78.6054128516247,RAMPALLY X Road twd Secunderabad
DxXqDfmJ,Hmt Nagar Nacharam,Hmt Nagar Nacharam,17.42364348,78.54679417,HMT NAGAR twd Habsiguda
ijFEVs3A,Kokapet,Kokapet,17.4002,78.3531,KOKAPET
EhrHHkG6,Himayath Sagar,Himayath Sagar,17.34,78.362,HIMAYATH SAGAR twd Kalimandir
BQ5WIrSO,Chengicherla X Rd,Chengicherla X Rd,17.411715,78.606892,CHENGICHERLA X Road twd Chengicherla
DS9OYF9Y,Rtc Colony-Cgcl,Rtc Colony-Cgcl,17.419806011626957,78.60681831836702,RTC COLONY-CGCL twd Chengicherla
ikIC1bic,Mile Stone,Mile Stone,17.449158892552852,78.61158728567298,IOC X ROADS twd Chengicherla
Z30Pa3qu,Ioc X Roads,Ioc X Roads,17.449058780144835,78.61154437065126,IOC X ROADS twd Mallapur
tOUM4dKy,Nyamathapur,Nyamathapur,16.978736292257544,78.43795985040543,NYAMATHAPUR twd Kadthal
vHk8B4He,Adibatla X Roads,Adibatla X Roads,17.22867275674861,78.50965396183248,ADIBATLA X Road twd Charminar
PFZOXkgM,Bdl Quarters Dathu Nagar,Bdl Quarters Dathu Nagar,17.331308133996906,78.50882112979889,BDL
GsFFGRJK,Nallagandla,Nallagandla,17.477248324886258,78.30654367964536,NALLAGANDLA twd THOTA
AuWxhbS1,Indira Nagar,Indira Nagar,17.471801,78.293052,INDIRA NAGAR twd Kollur
NAIZwtcD,Tellapur,Tellapur,17.470169084284382,78.2882201505367,TELLAPUR twd Kollur
WsADLBt1,Secratariate Colony,Secratariate Colony,17.394047171586063,78.38610738515855,SECRATARIATE COLONY twd Mehdipatnam
YV0IkVne,Shaikpet,Shaikpet,17.402869,78.399996,SHAIKPET twd Mehdipatnam
SmaC7fdk,Patny,Patny,17.443886444167788,78.49568903446199,PATNY twd JBS
dssPVYra,Quthubullapur X Road,Quthubullapur X Road,17.507785241794494,78.46013367176057,QUTHBULLAPUR XROAD twd Suchitra
Xqkhjw0x,"Kamla Nagar, As Rao Nagar","Kamla Nagar, As Rao Nagar",17.476488471843023,78.5672477032096,KAMALA NAGAR twd Secunderabad
HoRobIMT,Radhika,Radhika,17.4775665332384,78.5622853176606,RADHIKA twd Neredmet
8mZGZKMp,As Rao Nagar,As Rao Nagar,17.479988371593716,78.5567950726057,AS RAO Nagar twd Neredmet
oKJFIugE,Sharada Theater,Sharada Theater,17.481318757267374,78.55454485059485,SHARADA twd Secunderabad
w8jlcm2R,Sainikpuri,Sainikpuri,17.48318465,78.55027903,SAINIKPURI X RD twd Secunderabad
dSgF5GDb,Vayupuri Sainikpuri,Vayupuri Sainikpuri,17.483511151602737,78.54582220315935,VAYUPURI twd Secunderabad
PiahiKNj,Neredmet X Road,Neredmet X Road,17.48202477310724,78.53713050484657,NEREDMET X Road twd JBS
HbreG1P7,Vajpayee Nagar,Vajpayee Nagar,17.478,78.538,VAJPAI NAGAR twd Secunderabad
JaXHIWr9,Neredmet,Neredmet,17.473,78.539,NEREDMET OLD PS BUS STOP twd Secunderabad
91kBLvvt,Krupa Complex Bus Stop Hyd_D,Krupa Complex Bus Stop Hyd_D,17.4648425971662,78.53864695876831,KRUPA COMPLEX twd Secunderabad
BD7NumeW,Safilguda,Safilguda,17.460528489649786,78.53555202484131,SAFLIGUDA twd Secunderabad
f3mBR7UP,Anand Bagh X Roads,Anand Bagh X Roads,17.45847646796099,78.53662892763785,ANANDBAGH twd Secunderabad
sU5dcE6i,Rk Nagar,Rk Nagar,17.45527300913747,78.53555470658358,RK NAGAR twd Secunderabad
DlGelL20,Vani Nagar Malkajgiri,Vani Nagar Malkajgiri,17.452121941048713,78.53351622759159,VANI NAGAR twd Secunderabad
RecmZAiC,Anutex,Anutex,17.450337214248695,78.53310853202379,ANUTEX twd Secunderabad
mahJaGvl,Malkajgiri,Malkajgiri,17.44998531287521,78.53605789865436,MALKAJGIRI twd Secunderabad
6lo7BLrf,Sairam Theatre Malkajgiri,Sairam Theatre Malkajgiri,17.44607169273487,78.5356029888352,SAI RAM Theatre twd Secunderabad
jXn7opYu,Mirjalguda,Mirjalguda,17.4420789226739,78.5321885347366,MIRJALGUDA twd Seunderabad
L5pqF6u5,Aykar Bhavan,Aykar Bhavan,17.40128433641055,78.47387707762825,AYKAR Bhavan twd Hyderguda
LuYKlMYO,Bio Diversity,Bio Diversity,17.429606,78.374823,BIO DIVERSITY Complex twd Hitech city
Iu99uRam,Mind Space Centre,Mind Space Centre,17.441880268699812,78.37711133564734,RAIDURGAM METRO STATION twd JNTU
ZCaPA2qa,Tcs Deccan Park,Tcs Deccan Park,17.4463122257385,78.37737679767666,TCS DECCAN PARK twd JNTU
SdH39K9v,Cyber Gateway,Cyber Gateway,17.447384586072754,78.37801518233891,CYBER GATEWAY twd JNTU
5dtFSqm8,Hitech City,Hitech City,17.452089934630955,78.38144436276357,HITECH City twd JNTU
NW82gWib,Chandranaik Thanda,Chandranaik Thanda,17.46644975236609,78.3858369526104,CHANDRANAIK THANDA twd JNTU
5VNDEERp,Kphb 4Th Phase,Kphb 4Th Phase,17.473316,78.387581,KPHB Fourth Phase twd JNTU
uJLcn4ex,Forum Mall,Forum Mall,17.484002347897878,78.38969349772697,FORUM MALL twd JNTU
AfJsC7EZ,Kphb Colony,Kphb Colony,17.487624796295755,78.39127864691491,KPHB COLONY MIG twd JNTU
vWcb41Po,Jntu,Jntu,17.49465219853281,78.39452147587883,JNTU twd RGIA
ylD4PnpR,Kphb Colony,Kphb Colony,17.487399792295292,78.3914563594773,KPHB COLONY MIG twd Cyber Towers
ssSukcjp,Forum Mall,Forum Mall,17.483600692088107,78.3898115158081,FORUM Mall twd Gachibowli
5nt9SGLm,Kphb 4Th Phase,Kphb 4Th Phase,17.473173,78.387857,KPHB Fourth Phase twd Hitech City
otPERE6r,Chandranaik Thanda,Chandranaik Thanda,17.466497659700867,78.38593840832435,CHANDRANAIK THANDA twd Hitech City
92l2TILC,Hitech City,Hitech City,17.450868,78.380396,CYBER TOWERS twd RGIA
rix52axq,Tcs Deccan Park,Tcs Deccan Park,17.44630199004216,78.37762355851268,TCS Deccan Park twd Biodiversity
CAUwEprs,Mind Space Centre,Mind Space Centre,17.44180064392588,78.37724201282508,MIND SPACE twd RGIA
3AYvEzxc,Annamacharya College,Annamacharya College,17.303444,78.734889,ANNAMACHARYA College twd MGBS
xVl5TveO,Mount Opera,Mount Opera,17.306361,78.719611,MOUNT Opera twd MGBS
78WnlJ1a,Lingampally,Lingampally,17.49520733476956,78.31726010294108,LINGAMPALLY twd Koti
rhC1eEb8,Chinna Kondur,Chinna Kondur,17.299278,78.900798,CHINNA KODUR twd Valigonda
jD2Q10Nc,Peddakodur Kalan,Peddakodur Kalan,17.317341,78.903445,PEDDA KODURU twd Valigonda
AzuDsLCp,Nakkalagudem,Nakkalagudem,17.341927,78.917149,NAKKALAGUDEM twd Valigonda
pPUCIACA,Thummalaguda,Thummalaguda,17.332,79.053,THUMMALGUDA twd Dsnr
r9vV0q0c,Sangam,Sangam,17.361322908087228,78.9315319241761,SANGAM twd Dilsukhnagar
EEVgKBV9,Verkatpalle,Verkatpalle,17.345,78.943,VARKATPALLY
XiSQV35g,Nemili Kalawa Valigonda,Nemili Kalawa Valigonda,17.343,79.01,NEMILIKALUVA
hNXSsoVC,Gokaram X Road,Gokaram X Road,17.333691916094992,78.99753570591716,GOKARAM X ROAD twd Hyderabad
3sZ6V9Rr,Nagaram -Valigonda,Nagaram -Valigonda,17.356680340374226,79.029140173611,NAGARAM Twd Bhuvnagiri
NwBvo5j5,Valigonda,Valigonda,17.37892086440061,79.01767903753928,VALIGONDA Bus Station
19BWVxTi,Gokaram,Gokaram,17.333693140559244,78.99746402900058,GOKARAM X RD twd Choutuppal
zeSxijPl,Verkatpalle,Verkatpalle,17.345,78.943,VARKATPALLY twd Dsnr
KIWkTW9j,Nakkalagudem,Nakkalagudem,17.34191,78.917177,NAKKALAGUDEM twd Choutuppal
1HnhDCTx,Peddakodur Kalan,Peddakodur Kalan,17.317421,78.903534,PEDDA KODURU twd Choutuppal
DeBjbZNi,Chinna Kondur,Chinna Kondur,17.299286,78.900862,CHINNA KODURU twd Choutuppal
HJpF0xl0,Devalamma Nagaram,Devalamma Nagaram,17.243761477620595,78.8456314795156,DEVALAMMANAGARAM twd Allapuram
6Rp2NGAM,Peepal Pahad,Peepal Pahad,17.222032293348327,78.84791136094827,PIPALPAHAD twd Allapuram
HEeSo7v7,Allapur-Choutuppal,Allapur-Choutuppal,17.213167726165405,78.83082032203676,ALLAPURAM twd Koyyalagudem
D1nNtrAD,Peepal Pahad,Peepal Pahad,17.222080118608577,78.84802092896443,PIPALPAHAD twd Koyyalagudem
CGbmEMkU,Devalamma Nagaram,Devalamma Nagaram,17.2438,78.8455,DEVALAMMANAGARAM twd Koyyalagudem
ojQQq2wV,Deepthi Sri Nagar,Deepthi Sri Nagar,17.494731,78.345525,DEEPTHI SRI NAGAR twd Patancheruvu
ntOKtwRo,Panthangi Toll,Panthangi Toll,17.233045164001,78.96043199370501,PANTHANGI Tollplaza twd Vijayawada
Z5mcNXJA,Gundram Palle,Gundram Palle,17.2329737595863,78.9854506775737,GUNDRAMPALLY twd Nalgonda
yRZ7F7Sl,Veliminedu-Chityala-Nlg,Veliminedu-Chityala-Nlg,17.2340222762381,79.0217861463554,VELMINEDU
rpL096Mw,Pedakaparthy,Pedakaparthy,17.229917827908,79.07379426062099,PEDAKAPARTHY twd Nalgonda
tC4RoDMy,Chityala Bs,Chityala Bs,17.232669153906738,79.12402868374932,CHITYALA Bus Station
1AFiZJ3D,Gundram Palle,Gundram Palle,17.2326397646939,78.98554019629951,GUNDRAMPALLY twd Hyderabad
3zPEGFtc,Gar Kokapet,Gar Kokapet,17.404839295020555,78.33023429502568,GAR KOKAPET twd Gachibowli
oXG70ClK,Govt Junior College-Bhel,Govt Junior College-Bhel,17.492708008321095,78.31038057819453,GOVT Jr College twd OldMig
VA0p9S8A,Water Tank Twd Oldmig,Water Tank Twd Oldmig,17.484005644,78.298088696,WATER Tank twd OldMig
DPSbFdXy,Mig-Bhel,Mig-Bhel,17.483241215278767,78.2965765845519,OLD MIG
V6gxUufu,Annamayya Enclave,Annamayya Enclave,17.4841,78.2825,ANNAMAYYA Enclave
rmajg1kR,Wipro,Wipro,17.43828757900777,78.34828017461857,WIPRO twd Secretariat colony
mJ3iRsIA,Tngos Colony,Tngos Colony,17.442830911725263,78.33324507026656,TNGO COLONY twd Secretariat colony
XDVkUM5o,Tngos Colony,Tngos Colony,17.442942421935946,78.33326992514155,TNGO COLONY twd Wipro
KJ7kkzLn,Wipro,Wipro,17.438323841255436,78.34798962080094,WIPRO twd IIIT
nGw9kaof,Rk Puram,Rk Puram,17.4765277743449,78.5260549321451,RK PURAM twd Ecil
AuBlETTZ,Canara Nagar,Canara Nagar,17.40729559389106,78.59486907569664,CANARA NAGAR twd Pochampally
CTjY9Jsi,Chengicherla X Rd,Chengicherla X Rd,17.411473723772335,78.60709995031358,CHENGICHERLA X ROAD  twd Ghatkesar
XspCmUCQ,Cpri,Cpri,17.41310847657584,78.61496418714525,CPRI twd Ghatkesar
b0gFkFAa,Narapally,Narapally,17.417839594620197,78.63098535997972,NARAPALLY twd Ghatkesar
ggjVmxrw,Vijayapuri Colony,Vijayapuri Colony,17.42219628373137,78.63892838358879,VIJAYAPURI COLONY twd Ghatkesar
za1WsZmZ,Jodimetla X Rd,Jodimetla X Rd,17.424921743128728,78.64481713794865,JODIMETLA X RD twd Ghatkesar
d24az6NF,Vibhav Colony,Vibhav Colony,17.42759603382004,78.64904164209982,VIBHAV COLONY twd Ghatkesar
ci3nTsVM,Annojiguda,Annojiguda,17.433927101227898,78.65601539611818,ANNOJIGUDA twd Ghatkesar
lDVpfz1F,Shivareddy Guda Ghatkesar,Shivareddy Guda Ghatkesar,17.44549852,78.67441535,SHIVAREDDY Guda twd Ghatkesar
MmzVX08V,Ghatkesar,Ghatkesar,17.452134,78.682311,GHATKESAR Bus Station
It9Ce6Ri,Shivareddy Guda Ghatkesar,Shivareddy Guda Ghatkesar,17.444965071905916,78.67399828607594,SHIVAREDDY GUDA twd Secunderabad Railway Station
fQirzR31,Annojiguda,Annojiguda,17.433296307472226,78.65504443645479,ANNOJIGUDA twd JBS
u8pakZaN,Vibhav Colony,Vibhav Colony,17.42734524327907,78.64900946617128,VIBHAV COLONY twd Uppal
jjBogy9j,Jodimetla X Rd,Jodimetla X Rd,17.424275590277624,78.64387437701225,JODIMETLA X Road twd JBS
4CYO3Er7,Vijayapuri Colony,Vijayapuri Colony,17.421814968330605,78.63849520683289,VIJAYAPURI COLONY twd Uppal
eQID30qs,Narapally,Narapally,17.417737507784885,78.63093439423585,NARAPALLY twd Secundrabad Railway Station
DK8CfDv5,Cpri,Cpri,17.413,78.615,CPRI twd Uppal
QDa5xjFA,Chengicherla X Rd,Chengicherla X Rd,17.41135407592809,78.60705837607384,CHENGICHERLA X ROAD twd Uppal
tRDmAh3h,Canara Nagar,Canara Nagar,17.40742801582361,78.59570923485168,CANARA NAGAR twd Uppal
AntsOoFm,Film City Gate,Film City Gate,17.241678554348994,78.7051246307413,FILM CITY GATE TWDS ANJPUR
srPcqq7h,Bongloor Village,Bongloor Village,17.230783658803688,78.57897698879242,BONGLOOR VILLAGE twd Ibrahimpatnam
PhiNQicX,Bhel Church,Bhel Church,17.499364256623178,78.30840111624818,BHEL Church twd LIG
mzQ3gmRa,Bhel Keerthimahal,Bhel Keerthimahal,17.49654522406992,78.29747915267946,BHEL Keerthi Mahal
0Le4m9Mm,Lig Colony-Bhel,Lig Colony-Bhel,17.50381268867164,78.29158365726472,LIG Colony
w1eiMiGz,Film City Gate,Film City Gate,17.24164653336438,78.70517693381734,FILM CITY GATE TDWS POLKAM PALLY
86IbbkEG,Sagar Society,Sagar Society,17.42502315828206,78.4335259372616,SAGAR SOCIETY twd Jubilee check post
1TBXgVCU,Jubilee Hills Checkpost,Jubilee Hills Checkpost,17.42612647307398,78.41517046093941,JUBLIE Hills Check Post twd Filmnagar
AeIYaQxo,Apollo Hospital-Jublie Hills,Apollo Hospital-Jublie Hills,17.417681,78.411312,APOLLO Hospital twd Shaikpet
dn54Anhq,Film Nagar,Film Nagar,17.41408302020268,78.40816313205652,FILM NAGAR twd Darga
MirIXd2Q,Film Nagar,Film Nagar,17.4151264577283,78.4090106640556,FILM NAGAR twd Secunderabad
uZ2nC6YW,Apollo Hospital-Jublie Hills,Apollo Hospital-Jublie Hills,17.418058,78.411197,APOLLO Hospital twd Secunderabad
Np9JrhsY,Sagar Society,Sagar Society,17.425067598523608,78.43328744173051,SAGAR SOCIETY twd Secunderabad
cUOHDBUL,Hanuman Temple-Karkhana,Hanuman Temple-Karkhana,17.465,78.504,HANUMAN TEMPLE twd Secundrabad
Y9lfJW1D,Hanuman Temple-Karkhana,Hanuman Temple-Karkhana,17.46504169106071,78.50371960932644,HANUMAN Temple twd Hakimpet
byb8lBI7,Ankireddy Pally X Road,Ankireddy Pally X Road,17.25546039375059,78.94352454050012,ANKIREDDY PALLY
J5RUqNNN,Panthangi,Panthangi,17.2358599242313,78.9520048722624,PANTHANGI twd Nalgonda
ECCe2DxY,Panthangi,Panthangi,17.2357116623511,78.9517068117857,PANTHANGI twd Hyderabad
YnMskFwk,Mile Stone,Mile Stone,17.240014425506516,79.02346603617725,VELIMINEDU X ROAD
kB70SGwW,Reddybai-Cpl,Reddybai-Cpl,17.229185139730742,78.9722746511655,REDDYBAI twd MGBS
NqNZ2UTI,Mehdipatnam-Hyd,Mehdipatnam-Hyd,17.393915324556698,78.442412312793,Mehdipatnam_RGIA
pJnRECtv,Tellapur,Tellapur,17.470366107686473,78.28812091659536,TELLAPUR twd Lingampally
JiLBcoEY,Indira Nagar,Indira Nagar,17.47193703331871,78.29297304153444,INDIRA NAGAR twd Nallagandla
hT7HA8Pg,Cherlapally,Cherlapally,17.457138305634782,78.60813427246092,Cherlapally Rly Stn( new )
6IIHrO5u,Race Course-Sec Bad,Race Course-Sec Bad,17.450764841588814,78.48819695413114,RACE COURSE twd JBS
TAnjoDZd,Tadbund,Tadbund,17.45646278230759,78.48426282588864,TADBUND twd Patancheruvu
uBTak2Bd,Bowenpally,Bowenpally,17.462974517042063,78.47253620624542,BOWENPALLY X ROAD twd Patancheruvu
asLGVNU1,Balnagar,Balnagar,17.467078,78.445087,BALANAGAR twd Patancheruvu
GmzsSTQd,Kphb Temple Bus Stop,Kphb Temple Bus Stop,17.487762,78.39551,KPHB Temple Bus Stop twd Remedy Hospital
zsmMdHLV,Kphb,Kphb,17.49455752423557,78.40080993079125,KPHB twd Koti
vaQXvzRy,Wipro Circle,Wipro Circle,17.42559514,78.34062483,WIPRO Circle twd Kokapet
CTvYYt2X,Kphb,Kphb,17.49220148979076,78.40192705392839,KPHB MAIN ROAD twd Temple
O2GU1Aph,Uppal Depot,Uppal Depot,17.404634142147934,78.58966288150283,UPPAL Bus Depot
2qafvuFB,Mile Stone,Mile Stone,17.23496010408325,78.58237467706203,OUTER RING ROAD twd Manneguda
qoA7OQpo,Rice  Mil Adibatla,Rice  Mil Adibatla,17.21606158684555,78.54572296132172,ADIBATLA X ROADS twd Wonderla
8PGAWu47,Gudur Toll,Gudur Toll,17.48585183960243,78.82121285238732,GUDUR TOLLPLAZA twd Gudur
Y7tCfccp,Ramakrishna Mutt,Ramakrishna Mutt,17.41168294735444,78.48202854394914,RK MATH twd Secunderabad
qwu2Wn4G,Ntr Stadium,Ntr Stadium,17.410721924519958,78.48526597023012,NTR STADIUM twd Secunderabad
nBZEXTVR,Ramakrishna Mutt,Ramakrishna Mutt,17.41130928794485,78.48271518945695,RK MATH twd Mehdipatnam
uZi0JXcA,Ranganayakula Colony,Ranganayakula Colony,17.26,78.4712,RANGANAYAKULA COLONY
ZVypS8OB,Vasavi Trends,Vasavi Trends,17.4147,78.3544,VASAVI TRENDS
PwCq8mkM,Financial District,Financial District,17.41552283,78.33384085,FINANCIAL DISTRICT twd Gachibowli
0TdEvmZa,Race Course-Sec Bad,Race Course-Sec Bad,17.451306798651068,78.48622039537531,RACE COURSE twd Patancheru
1XV5frBR,Thokatta,Thokatta,17.460722948697327,78.47558857441801,THOKATTA twd Patancheru
Ddw1jFBZ,Bowenpally,Bowenpally,17.462974517042063,78.47253620624542,BOWENPALLY X ROAD twd Patancheru
0Yny5hD2,Ferozguda-Balnagar,Ferozguda-Balnagar,17.462689234158674,78.4619776877171,FEROZGUDA twd Patancheru
uLKaraNf,Shobhna-Balnagar,Shobhna-Balnagar,17.463568,78.453043,SHOBHNA twd Patancheru
5gdNdB6m,Shobhna-Balnagar,Shobhna-Balnagar,17.4639,78.453135,SHOBHNA twd Secunderabad
ZZ6LJALH,Ferozguda-Balnagar,Ferozguda-Balnagar,17.4628238800595,78.462103754282,FEROZGUDA twd Bowenpally
2U8nYSQx,Bowenpally,Bowenpally,17.463696037676602,78.47318261861801,BOWENPALLY X Road twd Secunderabad
8jrkOZLh,Tivoli,Tivoli,17.449062938169273,78.49247574806215,TIVOLI twd JBS
TyLL3ui0,Paradise,Paradise,17.4450481614948,78.4870630502701,PARADISE Water Tank twd Patancheruvu
QPcxfFOM,Race Course-Sec Bad,Race Course-Sec Bad,17.451306798651068,78.48622039537531,RACE COURSE twd Patancheruvu
rnjxtzWf,Ferozguda-Balnagar,Ferozguda-Balnagar,17.462689234158674,78.4619776877171,FEROZGUDA twd Patancheruvu
9zte6IJh,Shobhna-Balnagar,Shobhna-Balnagar,17.463568,78.453043,SHOBHNA twd Patancheruvu
hETOq2A0,Govt Degree College Kukatpally,Govt Degree College Kukatpally,17.48175519,78.41551512,GOVERNMENT Degree College twd Patancheruvu
laO9nkCI,Vasanth Nagar Bus Stop,Vasanth Nagar Bus Stop,17.498712,78.386862,VASANTH NGR BUS STOP twd Patancheruvu
2E0C6oNy,Eme Centre,Eme Centre,17.49821,78.5275,EME CENTRE twd JBS
ObKtXRWE,Ammuguda,Ammuguda,17.496871068729572,78.53251140480263,AMMUGUDA twd Yapral
g5PAeqGI,Jj Nagar,Jj Nagar,17.49960470604868,78.53708222508432,JJ NAGAR twd Yapral
8d22NTRk,Yapral,Yapral,17.504783835269098,78.54012369749223,YAPRAL twd Dammaiguda
u6Lep6yc,Yapral Zphs,Yapral Zphs,17.50794,78.54091,ZPHS YAPRAL twd Hakimpet
EJ3i6iny,Hanuman Temple-Yapral,Hanuman Temple-Yapral,17.513041770617008,78.54042023420337,HANUMAN TEMPLE twd Balajinagar
Eue9YMN7,Meghadri Heights,Meghadri Heights,17.51292,78.54226,MEGHADRI HEIGHTS twd Timmaipalle
0QzEbCjj,Poultry Farm Balaji Nagar,Poultry Farm Balaji Nagar,17.513274527209862,78.55431139469148,ZPHS Balaji Nagar twd Balajinagar
7gRyvsix,Balajinagar-Jawahar Nagar,Balajinagar-Jawahar Nagar,17.51287,78.56261,BALAJINAGAR twd Malkaram
ZmkId76m,Chennapuram,Chennapuram,17.5149985418253,78.56919765487973,CHENNAPURAM twd Cheriyal
DCYGhcB6,Chennapuram,Chennapuram,17.514983194608728,78.56931030750278,CHENNAPURAM twd Secunderabad
R1DfoMdh,Balajinagar-Jawahar Nagar,Balajinagar-Jawahar Nagar,17.51279,78.5627,BALAJINAGAR (twd Secunderabad
RH1I8bw0,Poultry Farm Balaji Nagar,Poultry Farm Balaji Nagar,17.513151781949734,78.55430603027345,ZPHS Balaji Nagar twd Yapral
k2v3HJ2n,Meghadri Heights,Meghadri Heights,17.5129,78.54254,MEGHADRI HEIGHTS twd Secunderabad
njXnSU6a,Hanuman Temple-Yapral,Hanuman Temple-Yapral,17.512548098228343,78.54014933109285,HANUMAN TEMPLE twd Secunderabad
XZrN7OUS,Yapral Zphs,Yapral Zphs,17.50843,78.54114,ZPHS YAPRAL twd Secunderabad
4v8tGRLf,Yapral,Yapral,17.504777058415417,78.54027137160303,YAPRAL twd Secunderabad
j3aNuUCe,Jj Nagar,Jj Nagar,17.499572730123774,78.5370969772339,JJ NAGAR twd Secunderabad
PGBZNLGR,Ammuguda,Ammuguda,17.496790792692046,78.53208126831322,AMMUGUDA twd Secunderabad
dRb2DQNG,Cp Office Bus Stop,Cp Office Bus Stop,17.431627,78.371956,CP Office twd Mehdipatnam
kWKhCGhk,Bachupally,Bachupally,17.541025440144086,78.36378604381775,BACHUPALLY X Road twd Nizampet
mh2zIufn,Rajeev Gandhi Nagar 2-,Rajeev Gandhi Nagar 2-,17.535365625118388,78.36518883642705,RAJEEV Gandhi Nagar 2 twd Nizampet
Q3qt3W86,Nizampet Village,Nizampet Village,17.516108700384727,78.38216721850281,NIZAMPET Village twd Nizampet X Road
i5ktIZBV,Nizampet X Road,Nizampet X Road,17.49948594103633,78.38946818939398,NIZAMPET X Road twd Mallampet
uSkIcL7A,Nizampet Village,Nizampet Village,17.516044723329212,78.38209748174475,NIZAMPET VILLAGE twd Mallampet
02vWmciA,Rajeev Gandhi Nagar 2-,Rajeev Gandhi Nagar 2-,17.535946154100714,78.36486160890435,RAJEEV GANDHI NAGAR  twd Mallampet
6v77GPHk,Dargha Bachupally,Dargha Bachupally,17.543685239874794,78.37956013100136,DARGA twd Gandimaisamma
PplePdFl,Sai Nagar,Sai Nagar,17.535643298508848,78.38731958031008,SAI NAGAR twd Bachupally
CokrzRdB,Dargha Bachupally,Dargha Bachupally,17.5434140309003,78.37883039869172,DARGA twd Miyapur
fhAzpxOO,Thokatta,Thokatta,17.460756,78.475831,THOKATTA twd Secunderabad
Ohu0yQiN,Pragathi Nagar Bachupally,Pragathi Nagar Bachupally,17.54071326510671,78.39367111307526,PRAGATHI Nagar twd B K Enclave
hAJzJhZI,Ida X Road,Ida X Road,17.534366752685226,78.35747653131756,IDA X Road twd Miyapur
nVidQmpl,Makta,Makta,17.51906910367936,78.3561390336026,MAKTA twd Miyapur
KymOxw2i,Mile Stone,Mile Stone,17.50193381739309,78.53924609689594,YARPAL Water Tank twd Secunderabad
aiCPYfWi,Cavalry Barracs,Cavalry Barracs,17.49557,78.52121,CAVALRY BARRACS twd Secunderabad
QrZLCbpA,Nagmandir,Nagmandir,17.48586,78.51677,NAGMANDIR twd Secunderabad
Au1uPnaq,Lalbazar,Lalbazar,17.479153688844512,78.5113202701527,LAL BAZAAR twd ECIL
wgrVmwue,Lalbazar,Lalbazar,17.479008444024203,78.51433038773783,CHURCH twd Nagmandir
UFCcRkNW,Nagmandir,Nagmandir,17.48823,78.51683,NAGMANDIR twd Yapral
f8FvMW46,Cavalry Barracs,Cavalry Barracs,17.496,78.52108,CAVALRY BARRACS twd Yapral
GEY8yVDK,Eme Centre,Eme Centre,17.49842,78.52683,EME CENTRE twd Yapral
mRoSyf9N,Mile Stone,Mile Stone,17.501936374101323,78.5392266532143,YARPAL Water Tank twd Yapral
NDd63hSs,Ex Serviceman Colony,Ex Serviceman Colony,17.5125759152962,78.557967916131,EX Serviceman Colony twd Malkaram
qTwxnzeX,Bachupally,Bachupally,17.541076614742682,78.3636760742887,BACHUPALLY X Road twd Mallampet
x3Ssy7LH,Cococola,Cococola,17.52215624,78.3563523,COCA Cola twd Gandi Maisamma
74LT4Jqo,Miyapur-2 Bus Depot,Miyapur-2 Bus Depot,17.512522395125412,78.36011640736443,MIYAPUR-2 Bus Depot
A2xNALMq,Mallampet-Ameennpur,Mallampet-Ameennpur,17.556157546829734,78.36278831378831,MALLAMPET Bus Terminal
sYVH4AwC,Hmt,Hmt,17.50615773,78.36249925,JPNAGAR twd Miyapur
kkdF8DYF,Miyapur Depot,Miyapur Depot,17.512415822008663,78.36013238865556,MIYAPUR-1 Bus Depot
VNZc0Nrb,Telephone Exchange,Telephone Exchange,17.483,78.393,KPHB Telephone Exchange
HAX4gJAO,Kphb 4Th Phase,Kphb 4Th Phase,17.471173316260607,78.38808685582777,KPHB IV Phase Bus Stop
dZeuj3yh,Bongloor Village,Bongloor Village,17.234114076494343,78.58343481893054,OUTER RING ROAD twd Wonderla
06D8moxo,Rice  Mil Adibatla,Rice  Mil Adibatla,17.216960180064646,78.54515840238247,ADIBATLA X ROADS twd Bongloor
AMmUh4XO,Miyapur X Road,Miyapur X Road,17.498,78.362,MIYAPUR X ROAD twd Gandimaisamma
oRLFFkQq,Rangapuram,Rangapuram,17.50597804,78.36223774,JPNAGAR twd Bachupally
8PfCDVpX,Mayuri Nagar Bus Stop,Mayuri Nagar Bus Stop,17.50998762064001,78.36176360932694,BBW twd Gandimaisamma
A0a2pjbw,Makta,Makta,17.51966853074217,78.35599246045311,MAKTA twd Gandi Maisamma
CIPZFvjT,Volvo Bachupally,Volvo Bachupally,17.52961850110917,78.35527520753863,VOLVO twd Gandi Maisamma
Uubh4hlz,Ida X Road,Ida X Road,17.53450703710266,78.35752153474436,IDA X ROAD twd Gandi Maisamma
dmrOyj1M,Sri Chaitanya Junior College-Bachupally,Sri Chaitanya Junior College-Bachupally,17.54128117656407,78.36851209204815,SRI Chaitanya Junior College twd Gandimaisamma
3ywjzxIu,Indira Nagar Twd Gandimaisamma,Indira Nagar Twd Gandimaisamma,17.543431259670758,78.37262415768679,INDIRA Nagar twd Gandimaisamma
ZzJfdufw,Vnr College,Vnr College,17.542135385158286,78.3859705924988,VNR College twd Gandimaisamma
TG3jH4RN,Pragathi Nagar Bachupally,Pragathi Nagar Bachupally,17.54158806328366,78.38882447951399,PRAGATHI Nagar twd Gandimaisamma
8bdaVDuQ,Kaisar Nagar,Kaisar Nagar,17.541731383445754,78.39748257042213,KAISARNAGAR twd Gandimaisamma
T6DhGBW7,Drk College,Drk College,17.54958779772231,78.40368385796876,DRK COLLEGE twd Gandimaisamma
LqsJNkjg,Suraram Village X Road,Suraram Village X Road,17.55713790025907,78.41088327054801,SURARAM Village X Road  twd Gandimaisamma
5ib1zBCt,Bowrampet X Road,Bowrampet X Road,17.562547985492575,78.41315478086472,BOWRAMPET X Road twd Gandimaisamma
nUa7Ex6t,Jeedimetla Bus Depot,Jeedimetla Bus Depot,17.527823204249163,78.44049455252028,JEEDIMETLA Bus Depot
FE2TI0kL,Prashasan Nagar,Prashasan Nagar,17.418269208807942,78.40068183839323,PRASHASAN NAGAR twd Darga
VNU1qNQg,Prashasan Nagar,Prashasan Nagar,17.41843683738744,78.40085953474046,PRASHASAN NAGAR twd Filmnagar
YVoqlQJM,Lanco Appartments,Lanco Appartments,17.408836963366007,78.3727043864319,LANCO Appartments twd Khajaguda
AtUkWFRB,Chithrapuri Colony,Chithrapuri Colony,17.4150899827503,78.38261315075951,CHITHRAPURI Colony
C9RRzWIA,Niharika Exotica-Manikonda,Niharika Exotica-Manikonda,17.4144280837592,78.3678208348674,NIHARIKA Exotika twd Manikonda Jagir
c1rIhnom,Lanco Appartments,Lanco Appartments,17.408964977857643,78.37280362741163,LANCO Appartments twd Darga
lmxjt97j,Niharika Exotica-Manikonda,Niharika Exotica-Manikonda,17.4144647354187,78.3677087424201,NIHARIKA Exotika twd Gachibowli
vHCgUVrg,Madhapur Metro,Madhapur Metro,17.437880633161058,78.40015946006946,MADHAPUR METRO STATION twd Jubliee Hills
LvPokDxK,Venkatagiri,Venkatagiri,17.430737193869962,78.4207479556432,VENKATAGIRI twd Secunderabad
DY3kuRgx,Krishnanagar,Krishnanagar,17.432712237161823,78.42631736086803,KRISHNANAGAR twd Secunderabad
ZkHurl8W,Yousufguda Check Post,Yousufguda Check Post,17.436626731370332,78.42798472088698,YOUSUFGUDA Check Post twd Secunderabad
NZpt5i5Z,Krishna Kanth Park,Krishna Kanth Park,17.441268,78.43187,KRISHNA Kanth Park twd Secunderabad
xqEICurC,Kalyan Nagar,Kalyan Nagar,17.4444,78.433,KALYAN Nagar twd SR Nagar
K9bntskH,Ameerpet,Ameerpet,17.434182962187858,78.44604400703503,AMEERPET twd Secunderbad
E0FDxTd4,Sheesh Mahal,Sheesh Mahal,17.434691,78.448929,SHEESH MAHAL twd Secunderabad
blUhfxz9,Lal Bungalow,Lal Bungalow,17.436071544014624,78.45246792315429,LAL BUNGLOW twd Secunderabad
stKZaDoo,Green Land,Green Land,17.435630750619488,78.45448192743822,GREENLAND/ RJ COLLEGE twd Secunderabad
422Z2GQJ,Rajiv Circle  Green Lands,Rajiv Circle  Green Lands,17.435278244296715,78.45506429711139,GREENLAND twd Ameerpet
9xmCYuvt,Lal Bungalow,Lal Bungalow,17.43493917127494,78.45128908908956,LAL BUNGLOW twd Ameerpet
9DnYSoZf,Ameerpet,Ameerpet,17.434763873000687,78.44796717496324,KANAKA DURGA TEMPLE twd AMEERPET
vzGPugqU,Sathyam Theatre Ameerpet,Sathyam Theatre Ameerpet,17.437417516413433,78.44807981785924,SATHYAM Theater twd Kondapur
HdkAvCZ5,Krishnanagar,Krishnanagar,17.432816516961434,78.4264896928636,KRISHNANAGAR TWD Kondapur
qtEPoXCn,Indra Nagar-Jubilee Hills,Indra Nagar-Jubilee Hills,17.429479496875093,78.42480495691048,INDRA Nagar twd Kondapur
YaOF4ARz,Venkatagiri,Venkatagiri,17.430616489278545,78.42100962996483,VENKATAGIRI X ROADS twd Kondapur
Ye9Hdvsu,Hcu Depot,Hcu Depot,17.467006998385415,78.33040594899089,HYD CENTRAL UNIVERSITY Bus Depot
mIBqoH4m,Chirec School,Chirec School,17.463496468425365,78.34762573242189,CHIREC twd Kondapur
EbgHUzne,Sangeeth,Sangeeth,17.440259486529833,78.50722599095006,SANGEET Junction twd Blue sea
PZbGgKlV,Vinayak Nagar X Rd Safilguda,Vinayak Nagar X Rd Safilguda,17.469200729213735,78.53900805115701,VINAYAK NAGAR twd ECIL
BbxzW3tQ,Rail Nilayam,Rail Nilayam,17.438835099529044,78.50971424981651,RAILNILAYAM twds Secunderabad
RTTe5YkV,Anjaiah Nagar,Anjaiah Nagar,17.452137,78.363446,ANJAIAH Nagar twd Hafizpet
rFGjUWWg,Kothaguda-Kondapur,Kothaguda-Kondapur,17.458512953746308,78.36621873934597,KOTHAGUDA X Road twd Gachibowli
2Qm1XZJt,Anjaiah Nagar,Anjaiah Nagar,17.451991,78.363804,ANJAIAH Nagar twd Gachibowli
ARyUlVUk,Chengicherla Bus Depot,Chengicherla Bus Depot,17.419262,78.609977,CHENGICHERLA Bus Depot
wi3z4xnZ,Chengicherla,Chengicherla,17.433129966842444,78.60845312477235,CHENGICHERLA twd FCI
HoNmAA7I,Chengicherla,Chengicherla,17.433286710087433,78.60856577772294,CHENGICHERLA twd Uppal
ssdqO8br,Sai Nagar Colony,Sai Nagar Colony,17.42659031044682,78.60664129257204,SAINAGAR Colony-CGCL twd Uppal
kqp1DsnH,Sai Nagar Colony,Sai Nagar Colony,17.4265711171996,78.6065648496151,SAINAGAR COLONY-CGCL twd FCI
2zyEcIvQ,Beeramguda,Beeramguda,17.516945033185536,78.30003932118416,BEERAMGUDA Village twd Lingampally
YIhpLiMq,Raghavendra Colony,Raghavendra Colony,17.53050872372979,78.29836696386339,RAGHAVENDRA COLONY twd Sultanpur
r2bAv1xb,Bhel M Enclave,Bhel M Enclave,17.5393886267325,78.2893252372742,BHEL Metro Enclave
8eTras9H,Chennapur Ntr Statue,Chennapur Ntr Statue,17.515336178558666,78.57104301452638,CHENNAPUR NTR STATUE twd Secunderabad
AdnCkQGG,Devendar Nagar Twd Dammaiguda,Devendar Nagar Twd Dammaiguda,17.514318150519667,78.57270330190659,DEVENDAR Nagar twd Dammaiguda
Tdv6meSQ,Sathyanarayana Colony-Nagaram,Sathyanarayana Colony-Nagaram,17.4859305115571,78.6145427587481,SATYANARAYANA Colony twd Ghatkesar
q9TxHIjx,Annapurna Clny Nagaram,Annapurna Clny Nagaram,17.48207983904972,78.61649170945776,ANNAPURNA Colony twd Ghatkesar
MFjAHvTS,Rtc Colony,Rtc Colony,17.47966726,78.6231285,RTC COLONY twd Ghatkesar
JGp0xa85,Rtc Colony Rampally,Rtc Colony Rampally,17.47810442,78.62590022,R L NAGAR twd Ghatkesar
BwPe0qXE,Bharath Nagar-,Bharath Nagar-,17.4709498538911,78.6339732728081,BHARATH Nagar twd Ghatkesar
tbnJyth0,Laxmi Nagar-Rampally,Laxmi Nagar-Rampally,17.46951255,78.63638196,LAXMI Nagar Ramapally twd Ghatkesar
srALAi35,Rampally Ghatkesar,Rampally Ghatkesar,17.46706821323682,78.64269018173218,RAMPALLY Village twd Ghatkesar
OBJyfg0o,Pogulaguda,Pogulaguda,17.45633966,78.65942415,POGULAGUDA twd Ghatkesar
Eh9SyeKW,Kitti Steels Limited,Kitti Steels Limited,17.4495863183399,78.6614964546584,KITTI STEEL twd Ghatkesar
J4UtvzLf,Edulabad X Rds,Edulabad X Rds,17.45096826,78.68075375,EDULABAD X Road twd Ghatkesar
XhY4rDIb,Edulabad X Rds,Edulabad X Rds,17.45049265,78.68046306,EDULLABAD X Road twd MGBS
rEGnkgVh,Kitti Steels Limited,Kitti Steels Limited,17.4495196166733,78.6612821859738,KITTI STEEL twd Rampally
H9FXzF8x,Pogulaguda,Pogulaguda,17.4561730572526,78.6593325357821,POGULAGUDA twd Rampally
1trPDgEd,Rampally Ghatkesar,Rampally Ghatkesar,17.467170554462562,78.64133834838869,RAMPALLY Village twd ECIL
cAG7O4mg,Laxmi Nagar-Rampally,Laxmi Nagar-Rampally,17.46887229,78.63704748,LAXMINAGAR twd Secunderabad
yK8j2BUM,Bharath Nagar Twd Rampally X Roads,Bharath Nagar Twd Rampally X Roads,17.4709924497089,78.6337180966567,BHARATH Nagar twd Rampally x roads
WVXIqDrV,Rtc Colony Rampally,Rtc Colony Rampally,17.477946763545713,78.6258351802826,R L NAGAR  twd ECIL
105Fwita,Rtc Colony,Rtc Colony,17.47953487,78.62316974,RTC COLONY twd ECIL
P3NXmuJz,Annapurna Clny Nagaram,Annapurna Clny Nagaram,17.4819787489959,78.61639112125208,ANNAPURNA Colony twd Ecil
8HEc7NA3,Sathyanarayana Colony-Nagaram,Sathyanarayana Colony-Nagaram,17.4857080084394,78.614561724829,SATYANARAYANA Clny twd Rampally X Roads
9KRruIO4,Devender Nagar Twd Secunderabad,Devender Nagar Twd Secunderabad,17.514282340384213,78.57260406017306,DEVENDER NAGAR twd Secunderabad
9zzZdNaU,Lalbazar,Lalbazar,17.47893431934427,78.51414532714011,CHURCH twd Secunderabad
cxTfs4PF,Kakatiya Nagar - Sainikpuri,Kakatiya Nagar - Sainikpuri,17.474,78.541,KAKATIYA Nagar twd Secunderabad
KjYsY7CG,Kukatpally Bus Depot,Kukatpally Bus Depot,17.473452759409852,78.42590202696104,KUKATPALLY Bus Depot
5SzsfqdH,Chennapur Ntr Statue,Chennapur Ntr Statue,17.51537198848625,78.57114359736443,NTR STATUE twd Dammaiguda
5iLUsn8J,Pragathi Nagar-Nagaram,Pragathi Nagar-Nagaram,17.511335793581488,78.57727645209637,PRAGATHI NAGAR twd Dammaiguda
q9hJb8Ov,Sai Nagar Dammaiguda,Sai Nagar Dammaiguda,17.504692643537464,78.58569592237474,SAI NAGAR twd Dammaiguda
QEs7pixE,Gr Reddy Nagar,Gr Reddy Nagar,17.492016015498525,78.57499524955534,GR REDDY NAGAR BUS STOP twd Chennapur NTR Statue
I5Y0Wocj,Jai Jawan Colony,Jai Jawan Colony,17.49038789376968,78.5726443140008,JAI Jawan Colony twd Chennapur NTR Statue
Cyb81p6Q,Kapra,Kapra,17.48655312664067,78.56646984815599,KAPRA BUS STOP twd Chennapur NTR Statue
Jne1oAbE,Saket,Saket,17.49327849118711,78.57692107402667,SAKHETH twd Chennapur NTR Statue
YfgpfhXj,Sai Nagar Dammaiguda,Sai Nagar Dammaiguda,17.50464148348754,78.58564898371698,SAI NAGAR twd Chennapuram NTR Statue
sPzG4Sec,Ambedkar Nagar Dammaiguda,Ambedkar Nagar Dammaiguda,17.506739033719782,78.5838183760643,AMBEDKAR NAGAR twd Chennapuram NTR Statue
NRqt1d5L,Pragathi Nagar-Nagaram,Pragathi Nagar-Nagaram,17.511524838207606,78.57687413692476,PRAGATHI NAGAR twd Chennapuram NTR Statue
mLCBQltx,Malaysiya Town Ship,Malaysiya Town Ship,17.479722269694882,78.39013874515186,MALAYSIAN Township twd RGIA
sLxLseQF,Siddhi Vinayak Nagar,Siddhi Vinayak Nagar,17.45983446,78.38492017,SIDDHI Vinayak Nagar twd Hitech city
rSdeEvSa,Yellamma Temple,Yellamma Temple,17.526,78.251,YELLAMMA TEMPLE twd Shankerpally
QMFFzVse,Pati X Roads,Pati X Roads,17.524,78.248,PATI X ROAD twd Shankerpally
fQDEZ4rz,Patighanpur,Patighanpur,17.50716111621696,78.24301989442803,PATIGHANPUR twd Kollur
5cA40ojD,Ghanpur X Road,Ghanpur X Road,17.51171402093464,78.221046924173,GHANPUR X Road twd Patancheruvu
cuhZqjDz,Velemela,Velemela,17.480177586399623,78.23894262313843,VELLEMALA twd Kollur
G89VJ54K,Velemela,Velemela,17.48043604875757,78.23885947465897,VELLEMALA twd Patancheruvu
CdYhbx42,Patighanpur,Patighanpur,17.507099510514927,78.24152814854766,PATIGHANPUR twd Isnapur
rr0iNlzF,Beeramguda,Beeramguda,17.51699879804761,78.29995214939119,BEERAMGUDA Village twd Sultanpur
DFvMC2b0,Bhel M Enclave,Bhel M Enclave,17.539746678216076,78.29726457595827,BHEL METRO ENCLAVE twd Sulthanpur
KuWi92Ml,Kistareddypet,Kistareddypet,17.55034463793268,78.29696682686156,KISTAREDDYPET twd Bonthapally
c18Zo903,Sultanpur-Patancheru,Sultanpur-Patancheru,17.55508930153752,78.30870155431587,SULTANPUR
AwojQOb8,Kistareddypet,Kistareddypet,17.550259436705623,78.2970897837064,KISTAREDDYPET
J36uxTcB,Bhel M Enclave,Bhel M Enclave,17.53977736831033,78.29744696617128,BHEL METRO ENCLAVE twd Lingampally
CDuNNiUT,Raghavendra Colony,Raghavendra Colony,17.53053941538759,78.29856276512147,RAGHAVENDRA COLONY twd Lingampally
WOfaNNvQ,Vbit Park,Vbit Park,17.433909159291158,78.38594645261765,VBIT Park
bReLVkjY,Ellenki College,Ellenki College,17.548999570728327,78.28358799219133,ELLENKI COLLEGE twd Patancheru
8vSqjJ3u,Gandigudem,Gandigudem,17.559131543882383,78.32829235490657,GANDIGUEM twd Sulthapur
0dlNfCfi,Shakti Sai Nagar,Shakti Sai Nagar,17.44590798337651,78.58239948429193,SHAKTI Sai Nagar X Road twd Mallapur
HKu52U9n,Dharmavaram-Keesara,Dharmavaram-Keesara,17.547408801612747,78.6113539027909,DHARMARAM twd Anthaipally
hN82bvHM,Thimmaipally,Thimmaipally,17.54641909395977,78.6159136891365,THIMMAIPALLY twd Dharmaram
lHO9llEk,Narsampally,Narsampally,17.55507061868091,78.6225736141205,NARSAMPALLY twd Yadgarpally
BXLc9GWX,Narsampally,Narsampally,17.55491718110856,78.6228632926941,NARSAMPALLY VILLAGE twd Dharmaram
Ae0EQtEA,Sv Nagar,Sv Nagar,17.4810929,78.5918298,SV NAGAR twd Nagaram
b31lgmJs,Pragathi Nagar,Pragathi Nagar,17.520854660848308,78.39629173320073,PRAGATHI NAGAR
xKpoHCey,Sai Nagar,Sai Nagar,17.529495899418414,78.39445710244425,SAINAGAR twd JNTU
5ZYARdRr,Aleap X Roads,Aleap X Roads,17.53169531521096,78.39412988075075,ALEAP BUS STOP twd JNTU
UgiXENyi,Hmt Hills Colony,Hmt Hills Colony,17.505258078116796,78.39601546178234,HMT HILLS twd JNTU
ivK5J2hy,Ambedkar Nagar-Nagaram,Ambedkar Nagar-Nagaram,17.48004462178764,78.61992359161377,AMBEDKAR Nagar twd RTC Colony
RpIJwiq3,Ghatkesar,Ghatkesar,17.44347735,78.67188167,GHATKESAR twd Bogaram
MUJi4Zqf,Outer Ring Road Junction Twd Nagaram,Outer Ring Road Junction Twd Nagaram,17.44326592031621,78.67183104157448,OUTER RING ROAD JUNCTION twd Nagaram
01tUbAym,Ambedkar Nagar-Nagaram,Ambedkar Nagar-Nagaram,17.479845070459266,78.61997187137605,AMBEDKAR Nagar twd Rampally x road
o6hwsBLj,Bokkoniguda,Bokkoniguda,17.442394638260467,78.69698616423376,BOKONIGUDA twd GHATKESAR
5TnXm9ox,Nfc Nagar,Nfc Nagar,17.44123538252401,78.70005996334706,NFC NAGAR MAIN ROAD twd GHATKESAR
bWzSYBEo,Nfc Nagar,Nfc Nagar,17.452401,78.706753,NFC NAGAR
57VfMweB,Mile Stone,Mile Stone,17.411078949567703,78.33108460584937,FAMILY Dhaba twd Gachibowli
54aomdtX,Kakatiya Colony-Chengicherla,Kakatiya Colony-Chengicherla,17.43954394958237,78.60815135313669,KAKATIYA COLONY twd FCI
koonRHFA,Kardanur,Kardanur,17.514793913077533,78.23041319847108,KARDANUR twd Patancheru
zy5C9xY7,Yellamma Temple-Patancheru,Yellamma Temple-Patancheru,17.526045589873675,78.25077921152116,YELLAMMA TEMPLE twd Patancheru
AZAndWqE,Sangareddy X Roads,Sangareddy X Roads,17.480198167324872,78.13570976309356,SANGAREDDY X ROAD twd Odf
R7vIlpCe,Odf Eddimailaram,Odf Eddimailaram,17.505,78.147,ODF Bus Stop
oBOCxkSO,Ntpc Annojiguda,Ntpc Annojiguda,17.435846338593336,78.66130739450456,NTPC ANNOJIGUDA twd Nagireddypally
QAgKG12k,Ntpc Annojiguda,Ntpc Annojiguda,17.436326144779954,78.66288587450983,NTPC Annojiguda twd Uppal
y8hdwZwM,Bokkoniguda,Bokkoniguda,17.442456027415897,78.69694857345515,BOKONIGUDA twd EDULABAD
kwCO34zr,Nfc Nagar,Nfc Nagar,17.441284710218927,78.7000056348972,NFC NAGAR MAIN ROAD twd EDULABAD
HDQGYASB,Thokatta,Thokatta,17.460722948697327,78.47558857441801,THOKATTA twd Patancheruvu
rbRurRnR,Mile Stone,Mile Stone,17.464251317719967,78.63730809578763,ISMAIL KHAN GUDA
rQJH2xYl,Kareem Guda,Kareem Guda,17.4772496952,78.6538208452,KAREEM GUDA
KEyKPwCH,Military Hospital,Military Hospital,17.4743629333485,78.5171668787927,MILITARY Hosp twd ECIL
rZJcouH3,Officers Mess,Officers Mess,17.474615724306368,78.51957544684412,OFFICERS Mess twd Ecil
rIu2dHAD,Officers Mess,Officers Mess,17.474533,78.51991,OFFICERS Mess twd Thirumalgiri
6GZvMQh1,Thirumalgiri,Thirumalgiri,17.471081,78.509802,THIRUMALGIRI twd JBS
96lXnyTF,Padmarao Nagar,Padmarao Nagar,17.425599913448192,78.50691273815056,PADMA RAO NAGAR twd Nampally
y6DhiqoC,Bolakpur,Bolakpur,17.42177274176402,78.49692016855542,BOLAKPUR BUS STOP twd Nampally Railway Station
xzA9CAZj,Kalpana,Kalpana,17.423306975143657,78.49456250792038,KALPANA twd Nampally Railway Station
AmPQFxtk,Prakash Nagar Begumpet,Prakash Nagar Begumpet,17.444065,78.47026,PRAKASH Nagar Begumpet twd RGIA
EFXc6VgR,Rgi Airport,Rgi Airport,17.23814621228954,78.43058109481159,RGI AIRPORT
j9iyH8Ly,Papireddy Nagar Jagathgiriguitta,Papireddy Nagar Jagathgiriguitta,17.497681026422367,78.4319892543,PAPPI REDDY NAGAR twd IDPL
QLQfAq5k,Yathrinivas,Yathrinivas,17.4433206499747,78.47987465359391,YATRINIVAS Secunderabad twd RGIA
dDHmRwOr,Nmdc,Nmdc,17.3987320680141,78.44935219734901,NMDC twd RGIA
MAgyoT2A,Mehdipatnam,Mehdipatnam,17.39848155778218,78.44418525695802,MEHDIPATNAM(district stop) twd RGIA
N5cqr2zF,Vikrampuri,Vikrampuri,17.449,78.4966,VIKRAMPURI Karkhana twd JBS
wGQAO4BG,Gar Kokapet,Gar Kokapet,17.407045590534434,78.32993388340147,GAR IT
gu3BUIUR,Power Welfare Society,Power Welfare Society,17.420253870131372,78.33636045455934,POWER WELFARE SOCIETY twd Gachibowli
LfAy1CV0,Kalpana,Kalpana,17.42337859411275,78.49451960626747,KALPANA twd Secunderabad
cPBQYhKo,Marripallygudam,Marripallygudam,17.430021389662645,78.7071262313239,MARRIPALLY GUDAM twd EDULABAD
azkDyT0J,Edulabad,Edulabad,17.425456625849964,78.70995730161668,EDULABAD X ROAD twd Venkiryala
tVzLxR6X,Chandupatla Guda,Chandupatla Guda,17.4386573451438,78.70678558945656,CHANDUPATLA Guda twd Edulabad
DHFV3sVo,Edulabad,Edulabad,17.41894771972363,78.70849415659906,EDULABAD twd Enkiryala
H108I40g,Ranigunj Bus Depot,Ranigunj Bus Depot,17.433051761939442,78.48853020209634,RANIGUNJ twd MGBS
6XCw7BZM,Diamond Point,Diamond Point,17.462308243288234,78.4910649061203,DIAMOND POINT twd Hasmathpet
frAg0SP5,Hitech City,Hitech City,17.45195686197918,78.38052570415338,CYBER Towers twd Kondapur
XNn1Jnba,Botanical Garden,Botanical Garden,17.45588197059218,78.36377263069154,BOTANICAL Garden twd Kondapur
CEJm1ECY,Botanical Garden,Botanical Garden,17.455597956352378,78.36422324180603,BOTANICAL GARDEN twd Gachibowli
Rg0wg2PR,Dlf,Dlf,17.448031449756623,78.35588692728747,DLF twd Mehdipatnam
HQwyWvVP,Ion Exchange,Ion Exchange,17.52669825262684,78.24915209462776,ION EXCHANGE
RrLdWCYY,Mile Stone,Mile Stone,16.53656912,78.20541602,ASHOK NAGAR BIJINAPALLE twd Wanaparthy
xjeWA2ER,Family Quarters,Family Quarters,17.411022644589842,78.33123741752331,FAMILY Dhaba twd Gar
Un6K9jF1,Bachupally,Bachupally,17.53445576,78.35755024,BACHUPALLY twd Mallampet
G5LTetOL,Calvary Temple,Calvary Temple,17.487207843578677,78.36842358641317,CALVARY TEMPLE Bus Stop
BBBDXomV,Cherlapally,Cherlapally,17.472041930269025,78.59005451202394,CHERLAPALLY JAIL twd Cherlapally
7ernY2Vp,Jbs,Jbs,17.446690508891393,78.49834173357672,CONTONMENT Bus Depot
0pb9nhiG,Bhel Depot,Bhel Depot,17.519284,78.29078,BHEL Bus Depot
8uvAUrYJ,Mile Stone,Mile Stone,17.5268614950901,78.29850913027614,RAGHAVENDRA COLONY
IHLmp3eg,Mile Stone,Mile Stone,17.539499406241355,78.28538454232894,PATELGUDA
5NBIUexD,East Anandbagh,East Anandbagh,17.457780473327826,78.54398757032617,EAST ANANDBAGH twd Secunderabad
iafkO90E,Shenoy Nursing Home,Shenoy Nursing Home,17.447038942051304,78.50864946842195,SHENOY HOSPITAL twd Secunderabad
4ahD3TjD,Shenoy Nursing Home,Shenoy Nursing Home,17.44706451693866,78.50851000164349,SHENOY HOSPITAL twd Tukaram gate
HtZZVCJ7,Tukaram Gate Railway Gate,Tukaram Gate Railway Gate,17.44116891929858,78.52239040249013,TUKARAM Railway Gate twd Anandbagh
rQZ52MDC,East Anandbagh,East Anandbagh,17.45784176707724,78.5439553516123,EAST ANANDBAGH twd ECIL
L8BzEqwH,Ghanpur Village,Ghanpur Village,17.4997,78.2202,GHANPUR
GQZW3wiy,Kondakal,Kondakal,17.48715668546571,78.21763515565763,VELLEMALA TANDAtwd Shankerpally
SwsCfjyA,Kondakal,Kondakal,17.47599217170966,78.21751693340272,KONDAKAL X ROAD twd Patancheru
DOyo3E1o,Kondakal,Kondakal,17.46141249165376,78.19926604511876,KONDAKAL VILLAGE twd Shankerpally
rPHETZra,Mokila Tanda Twd Shankerpally,Mokila Tanda Twd Shankerpally,17.444362393425116,78.19097400085008,MOKILA TANDA twd Shankerpally
EDkwyDQe,Shankarpally Registration Office Twd Shankarpally,Shankarpally Registration Office Twd Shankarpally,17.45392,78.13762,SHANKARPALLY Registration Office twd Shankarpally
dEikxUYh,Bhanoor X Road,Bhanoor X Road,17.453268268868516,78.14463450246711,BHANUR X Road twd Patancheruvu
WHB7kMyR,Mokila Tanda Twd Patancheru,Mokila Tanda Twd Patancheru,17.444480097999772,78.19090962316626,MOKILA TANDA twd Patancheru
HuvfuZHH,Kondakal,Kondakal,17.461424005677166,78.19924324883148,KONDAKAL VILLAGE twd Patancheru
ttBFODpw,Sr Nagar,Sr Nagar,17.440269,78.442599,SR NAGAR twd Koti
Pty1niHl,Smr Vinay Iconia,Smr Vinay Iconia,17.46783,78.33467,SMR Vina Iconia
YoVdNTMy,Chirec School,Chirec School,17.463220141408765,78.34756135940553,CHIREC twd Premnagar
8gdPAohF,Park View Appartment,Park View Appartment,17.41460181762332,78.48583728079413,PARK View Apartment twd NTR Stadium
4W7AHolA,Ntr Stadium,Ntr Stadium,17.411324516337334,78.48473808216856,NTR Stadium twd Nampally
ebTSHfle,Bolakpur,Bolakpur,17.421763101316948,78.49694297585337,BOLAKPUR BUS STOP twd Secunderabad
rw66fawX,Kusaiguda Bus Depot,Kusaiguda Bus Depot,17.468296338214905,78.56563566061543,KUSHAIGUDA Bus Depot
VYQJVuq7,Kongara Milstone Twd Ravirala,Kongara Milstone Twd Ravirala,17.207228765512088,78.53422164823643,KONGARA MILSTONE twd Ravirala
81FrZVMI,Erragadda,Erragadda,17.45611228265756,78.43418538257079,ERRAGADDA X Road twd Koti
fNx0jmHd,Diamond Point,Diamond Point,17.46232975191705,78.49104747176172,DIAMOND POINT twd Sikh Village
1zrwZeDW,Ambedkar Open University,Ambedkar Open University,17.431521642520053,78.39504726907222,AMBEDKAR OPEN UNIVERSITY
6LBm7pBX,Sangeeth Twd Jbs,Sangeeth Twd Jbs,17.44244772138834,78.50516527904774,SANGEETH twd Jbs
21IF3D3F,Allwyn,Allwyn,17.524898484106128,78.27172928470921,ALLWYN twd Miyapur
vCzs6zug,Miyapur Metro Station,Miyapur Metro Station,17.496817,78.371098,MIYAPUR Metro Station twd Koti
qh2tTvzT,Bibi Nagar,Bibi Nagar,17.47356676691565,78.79266858100893,BIBINAGAR twd Parkal
ytLk4rgr,Ranigunj-1 Bus Depot,Ranigunj-1 Bus Depot,17.43187573662173,78.48681605071107,RANIGUNJ-1 Bus Depot
ExSDBfxE,Indira Nagar-Hasmathpet,Indira Nagar-Hasmathpet,17.485411971086474,78.4930604690551,INDIRANAGAR twd Secunderabad
1t6amxAW,Wipro,Wipro,17.434136938956524,78.29902947415756,WIPRO twd Lingampally
RHq8bFwq,Bhel Metro Colony,Bhel Metro Colony,17.537373099602313,78.29733208465788,BHEL METRO COLONY
Qu5RFHcj,Cheeriyal,Cheeriyal,17.513126180787435,78.62777709960939,CHEERYAL twd Yadgarpally
wnthA4nA,Geethanjali Engg Clg,Geethanjali Engg Clg,17.523316784378167,78.62871050834656,GEETHANJALI Engg College twd Yadgarpally
4G8WvMaU,Yadgarpally X Rd,Yadgarpally X Rd,17.53808556911348,78.63110572099687,YADGARPALLY X ROAD twd Dharmar
qEVby5Kn,Drdo,Drdo,17.559758073865215,78.62892240285875,DRDO twd Dharmaram
uIpPqUim,Dharmavaram-Keesara,Dharmavaram-Keesara,17.547426707827,78.6114853896892,DHARMARAM twd Yadgarpally
L7nGKCY4,Thimmaipally,Thimmaipally,17.546326946294727,78.61655217106717,THIMMAIPALLY twd Yadgarpally
GkYXdQkx,Drdo,Drdo,17.55948956497875,78.62915039062501,DRDO twd Yadgarpally
4nDtWBtf,Yadgarpally X Rd,Yadgarpally X Rd,17.537823421944683,78.63108158111575,YADGARPALLY X ROADS twd ECIL
Ypsfsbuw,Geethanjali Engg Clg,Geethanjali Engg Clg,17.52301463643346,78.62881243228914,GEETHANJALI ENGG COLLEGE twd ECIL
AL8XcSyT,Cheeriyal,Cheeriyal,17.513177338447388,78.6279594898224,CHEERYAL VILLAGE twd ECIL
Obcbrjfd,Gangaram,Gangaram,17.8196,78.1304,GANGARAM
xrvqzGBc,Ashish Garden Bus Stop,Ashish Garden Bus Stop,17.45755916942138,78.47801730816455,ASHISH Garden twd Patancheruvu
NHOecwgm,Guttala Begumpet,Guttala Begumpet,17.43440818392024,78.40407014655007,GUTTALA Begumpet twd Hitech City
tDA2jebJ,Mayuri Nagar,Mayuri Nagar,17.514645,78.372589,MAYURI NAGAR
3oMaKmK1,Lambadithanda,Lambadithanda,17.440615,78.3039,lambadithanda twds lingampally
O6ZxE35t,Wipro Twd Khanapur,Wipro Twd Khanapur,17.434123004,78.299110808,WIPRO twd Khanapur
lxpgOwe2,Vatti Nagulapally,Vatti Nagulapally,17.425968447998564,78.29628824876518,VATTE NAGULAPALLY twd Cbit
cEUYJJNP,Vatti Nagulapally,Vatti Nagulapally,17.425994039237633,78.29623326464723,VATTE NAGULAPALLY twd Lingampally
IgXRU8TA,Ashoknagar Rtc X Rd,Ashoknagar Rtc X Rd,17.408998213110475,78.48979085683824,ASHOK NAGAR twd Mehdipatnam
0XmwhZv3,Thirumalgiri,Thirumalgiri,17.471193,78.509826,THIRUMALGIRI twd ECIL
iC5tZZCW,Bulkapur,Bulkapur,17.444877359139003,78.15889745756219,BULKAPUR twd Patancheru
dcv8qeRA,Potharaju Gudem,Potharaju Gudem,17.409164653278463,78.72341930866243,POTHARAJUDUDAM twd PILLAPALLI
4dRf0y72,Maktha Anantharam,Maktha Anantharam,17.393,78.739,MAKTHA ANANTHARAM
JYml9tXs,Ellenki College,Ellenki College,17.549058269674898,78.28354239463808,ELLENKI COLLEGE twd Bonthapally
A013diQ6,Mallapur-Yadagirigutta,Mallapur-Yadagirigutta,17.63120057606766,78.91046315431596,MALLAPUR twd Ecil
RQuX2cGb,Lingam Palle-Nuthankal,Lingam Palle-Nuthankal,17.312037262385957,79.75553870376207,LINGAMPALLY
WpTby1yW,Ambedkar Nagar Boduppal,Ambedkar Nagar Boduppal,17.428120572177683,78.57679792767392,AMBEDKAR NAGAR BODUPPAL
YWQZsqlI,Kendriya Vidyalaya Gachibowli,Kendriya Vidyalaya Gachibowli,17.4399,78.3557,KV School GACHIBOWLI
tZO3dOxA,Bandam Kommu,Bandam Kommu,17.513205473865288,78.3184808661862,BANDAMKOMMU twd Ameenpur
8dgJh38W,Ameenpur,Ameenpur,17.5233,78.3237,AMEENPUR twd NarenderNagar
enRDk2ug,Narendra Nagar Colony,Narendra Nagar Colony,17.533618785319405,78.31999897851638,NARENDRA NAGAR COLONY
x4FDAsXy,Ameenpur,Ameenpur,17.5246746381127,78.32099944353105,AMEENPUR twd Lingmpally
INkUZYxD,Bandam Kommu,Bandam Kommu,17.513146643430094,78.31853984977406,BANDAMKOMMU twd Lingampally
SJ0nNBnq,Rampally X Rds,Rampally X Rds,17.451204627767762,78.63432269557376,KCR DOUBLE BEDROOM
57dbRvE4,Aler Bs,Aler Bs,17.646111,79.052335,ALAIR Bus Station
eiRH8cpX,Isnpur Village,Isnpur Village,17.546269231703594,78.19964665173464,ISNAPUR Village twd Kesaram
Zr3Rlqpu,Kondapur X Roads,Kondapur X Roads,17.4950448974,78.3231784592,CHANDANAGAR TWD KONDAPUR
Drq7PRZ6,Gandigudem,Gandigudem,17.559205712907655,78.32823336466703,GANDIGUEM twd Bollaram
vSF6fPAx,Bibi Bazar,Bibi Bazar,17.362220200827235,78.48005177147843,BIBI Bazar Yakhutpura twd Chandrayangutta
6GBKiD1d,Bharathiya Vidya Bhavan,Bharathiya Vidya Bhavan,17.49669561041748,78.31341145408247,BVB School
pBDZ1YhA,Kazipally,Kazipally,17.5704,78.3488,KAZIPALLY
Ise92tr3,Uppal X Road,Uppal X Road,17.40245888298036,78.55947997254523,UPPAL X Rd Warangal Point
lasPhPI1,Jangaon Bs,Jangaon Bs,17.71992468316451,79.1631220390497,JANGAON Bus Station
WhtO6G7u,Raghunathpalle,Raghunathpalle,17.7604416354928,79.2568821832537,RAGHUNATHPALLY twd Parkal
RBcn6wAv,Komalla Toll,Komalla Toll,17.777703913092964,79.28356648487188,KOMALLA-TOLLPLAZA twd Hanumakonda
kIMp1oKd,Station Ghanpur,Station Ghanpur,17.8535610559324,79.3694514781236,STATION GHANPUR twd Hanmakonda
0ZI5uhFw,Hanumakonda Bs,Hanumakonda Bs,18.00326893214663,79.56746836811465,HANUMAKONDA Bus Station
iJQIySJW,Station Ghanpur,Station Ghanpur,17.8536679645522,79.369637556374,STATION GHANPUR twd Hyderabad
pFRHGDFG,Komalla Toll,Komalla Toll,17.777414147930656,79.28373359907852,KOMALLA Toll plaza twd Janagoan
CftT47U1,Raghunathpalle,Raghunathpalle,17.759955927548205,79.25709403634913,RAGHUNATHAPALLY Bus Stop
mFCGFGnS,Bibi Nagar,Bibi Nagar,17.4731922667132,78.79296017066092,BIBINAGAR Bus Stop twd  Hyderabad
O6NcsRg9,Pashamylaram,Pashamylaram,17.53234628680528,78.1831474687585,PASHAMYLARAM twd Kesaram
SHUoYZBX,Kyasaram-Patancheru,Kyasaram-Patancheru,17.505194649421973,78.16712110719722,KYASARAM
UIGBc1Gl,Kesaram X Roads,Kesaram X Roads,17.52878107189886,78.17436205485056,KESARAM X ROADS twd Kesaram
SD3Nvowl,Akshaya Solar,Akshaya Solar,17.499,78.146,COMPLEX twd Shankarpally
veyAshdQ,Kesaram X Roads,Kesaram X Roads,17.524827140705,78.66748626608637,KESARAM X ROADS twd Patancheru
hW7ecgo5,Pashamylaram,Pashamylaram,17.53332521821425,78.18540653799266,PASHAMYLARAM twd Patancheruvu
OTdOIFq5,Ecil X Roads,Ecil X Roads,17.47097760287693,78.56739666443383,ECIL MUNCIPAL OFFICE twd Tarnaka
WFLtsdLD,Gopanpally Thanda,Gopanpally Thanda,17.4382812892,78.3076583069,GOPANPALLY THANDA
aiO8U7xt,My Fair Avenue,My Fair Avenue,17.4616,78.2918,MY FAIR AVENUE
lAwZpHnm,Abode School,Abode School,17.4533,78.2836,ABODE SCHOOL
Hb6RhiCB,Mallapur [Pb],Mallapur [Pb],17.4466690286,78.5735683716,MALLAPUR (Van PickUp)
